api_if6_1_11,api_if6_1_12,api_if6_1_8,api_if6_2_11,api_if6_2_15,api_if6_2_4,api_if6_2_5,api_if6_2_7,api_m16_1_10,api_m16_1_2__1,api_m16_1_5__1,api_m16_1_9__1,api_m16_2_11,api_m16_2_3,api_m16_2_4,api_m16_2_8,if6_1_1__1,if6_1_1__2,if6_1_2__1,if6_1_2__2,if6_1_2__3,if6_1_3__1,if6_1_3__2,if6_1_3__3,if6_1_3__4,if6_1_4__1,if6_1_4__2,if6_1_5__1,if6_1_5__2,if6_1_5__3,if6_1_5__4,if6_1_6__1,if6_1_6__2,if6_1_6__3,if6_2_0__1,if6_2_0__2_,if6_2_11__1,if6_2_11__2,if6_2_11__3,if6_2_11__4,if6_2_2__1,if6_2_2__2,if6_2_2__3,if6_2_20__1,if6_2_20__2,if6_2_20__3_,m16_1_1__1,m16_1_1__2,m16_1_1__3,m16_1_1__4,m16_1_13__1,m16_1_13__2,m16_1_13__3,m16_1_2__1,m16_1_2__2,m16_1_2__3,m16_1_3__1,m16_1_3__2,m16_1_3__3,m16_1_5__1,m16_1_5__2,m16_1_5__3,m16_1_6__1,m16_1_6__2,m16_1_6__3,m16_1_8__1,m16_1_8__2,m16_1_9__1,m16_1_9__2,m16_1_9__3,m16_2_10__1,m16_2_10__2,m16_2_10__3,m16_2_8__1,m16_2_8__2,m16_2_8__3
20,10,10,10,10,10,10,10,10,10,10,10,10,10,10,50,20,100,40,110,200,40,100,180,270,40,170,30,90,170,240,40,90,180,40,100,20,100,190,280,20,110,210,40,100,190,30,130,170,250,10,100,190,40,110,200,30,100,200,30,100,190,30,100,200,30,110,30,100,180,40,100,170,30,100,180
10,10,10,10,10,10,10,10,10,10,10,10,10,10,10,10,20,100,40,110,200,40,100,190,270,40,170,40,90,170,240,60,110,180,50,150,40,100,190,280,30,110,210,40,100,190,30,130,170,250,10,100,190,40,110,200,30,100,200,30,100,190,40,100,200,40,120,50,100,200,40,100,170,30,100,180
10,10,10,20,10,10,10,10,10,10,10,10,10,20,10,10,20,100,40,110,200,40,100,190,270,50,170,40,90,170,240,60,110,180,50,100,40,100,190,280,30,110,210,40,110,190,30,130,170,250,10,100,190,40,110,200,40,100,200,40,100,190,40,100,200,40,120,40,100,200,40,100,170,30,100,180
20,10,10,10,10,10,10,10,10,10,10,10,10,20,10,10,20,100,50,110,200,40,100,190,270,50,170,40,100,170,240,60,110,180,50,100,50,100,190,280,30,110,210,40,100,190,30,130,170,250,20,100,190,50,110,200,50,100,200,40,100,190,40,100,200,40,120,40,100,200,40,100,170,30,100,180
20,10,10,10,10,10,10,10,10,10,10,10,10,20,10,10,20,100,50,110,200,40,110,190,270,50,170,40,100,170,240,60,110,180,50,100,50,100,190,280,30,110,220,40,110,190,30,130,170,250,20,100,190,50,110,200,50,100,200,40,100,200,40,100,200,60,120,40,100,200,50,100,170,30,100,180
20,10,10,10,10,10,10,10,10,10,10,10,10,20,10,10,20,100,50,110,200,50,110,190,270,50,170,50,100,170,240,50,110,190,50,100,50,100,190,280,40,110,220,40,110,190,40,130,170,250,30,100,190,50,110,200,50,100,200,40,100,200,50,100,200,60,110,40,100,200,50,100,170,30,100,180
30,10,10,10,10,10,10,10,10,10,10,10,10,20,10,10,20,100,50,110,200,50,110,190,270,50,160,50,100,170,240,50,100,190,50,100,50,100,190,280,40,110,220,50,100,190,40,130,170,250,30,100,190,60,110,200,40,100,200,40,100,200,50,100,200,60,110,40,100,200,50,100,170,40,100,180
30,10,10,20,10,10,10,20,10,10,10,10,10,30,10,10,20,110,60,110,200,50,110,190,270,50,160,50,100,170,240,50,100,190,50,100,60,100,190,280,50,110,220,50,100,190,40,130,170,250,40,100,190,50,110,200,50,100,200,40,100,200,50,100,200,60,110,50,100,200,50,100,170,40,100,180
30,20,10,20,10,10,10,20,10,10,10,10,10,20,10,10,20,110,60,110,210,50,110,190,270,50,160,50,100,170,240,50,100,190,50,100,60,100,190,290,50,110,220,50,100,190,40,130,170,250,40,100,190,50,110,200,40,100,200,40,100,200,50,100,200,60,110,50,100,190,50,100,170,40,100,180
30,20,10,20,10,10,10,20,10,10,10,10,10,20,10,10,10,110,60,110,210,50,110,190,270,50,160,50,100,170,240,50,100,200,70,100,60,110,190,290,50,110,220,50,100,200,40,130,170,250,40,100,190,60,110,200,40,100,200,70,100,200,50,100,200,60,110,60,100,190,50,100,170,40,100,180
30,20,10,20,10,10,10,20,10,10,10,10,10,20,10,10,10,110,60,110,210,50,110,190,280,60,160,50,100,170,240,40,100,200,70,110,60,110,200,290,50,120,230,50,100,200,40,130,170,250,40,100,200,60,110,200,40,100,0,50,100,200,50,100,200,60,110,60,100,190,50,100,170,40,100,180
40,20,20,20,10,10,10,20,10,10,10,10,10,10,10,10,30,110,60,110,210,50,110,190,280,60,160,50,100,170,240,70,100,190,70,110,60,110,200,290,50,120,230,50,100,200,40,130,170,250,50,100,200,60,110,200,60,110,0,50,100,200,50,110,200,50,110,60,100,180,50,100,170,40,100,180
40,20,20,20,20,10,10,20,10,10,10,10,20,10,10,10,30,110,60,120,210,60,110,190,280,60,160,50,100,170,240,70,100,190,50,110,60,110,200,290,60,120,230,60,100,200,40,100,170,250,50,100,200,60,110,200,50,110,0,50,100,200,50,110,210,50,110,60,110,180,40,100,170,40,100,180
30,20,20,20,20,10,20,20,10,10,10,10,20,10,10,20,30,110,60,120,210,60,110,190,280,60,160,50,100,170,250,70,100,200,30,110,60,110,200,290,60,120,230,60,100,200,50,100,170,250,50,110,200,60,120,200,50,110,0,50,100,200,50,110,210,50,110,60,110,190,50,100,170,40,100,180
40,20,20,30,20,10,20,20,20,20,10,20,40,20,10,20,30,100,60,120,210,60,110,190,280,60,160,60,100,170,250,70,90,210,90,110,60,110,200,290,60,120,0,60,110,200,50,100,170,260,50,110,200,60,110,210,80,110,0,50,100,200,50,110,210,50,110,60,110,190,60,100,170,40,100,180
40,20,20,30,20,10,20,20,20,20,10,20,20,20,10,20,30,100,70,120,210,60,110,190,280,60,160,60,100,170,250,70,90,210,90,110,60,110,200,290,70,120,0,60,110,200,50,110,170,260,50,110,200,70,110,210,80,110,0,50,110,200,50,110,210,50,110,50,110,190,60,100,170,40,100,180
40,20,20,30,20,10,20,30,20,20,10,20,20,20,10,20,30,100,70,120,210,60,110,190,280,60,160,60,100,170,250,70,90,200,90,110,70,110,200,290,70,120,0,60,110,200,50,110,180,260,50,110,200,70,110,210,80,110,0,50,110,200,50,110,210,50,110,60,110,190,60,100,170,50,100,180
40,20,20,30,20,20,20,30,20,20,10,20,20,10,10,20,20,100,70,120,210,60,120,200,280,60,160,60,100,180,250,80,90,200,90,110,70,120,200,290,70,120,0,60,120,200,50,110,180,260,50,110,200,70,120,210,80,110,0,60,110,210,50,110,210,50,110,60,110,190,60,100,170,50,100,180
40,30,20,30,30,20,20,30,20,20,20,20,20,10,10,20,40,100,70,120,210,60,120,200,280,70,150,60,110,180,250,80,90,200,90,110,70,120,200,0,70,130,0,60,120,200,50,110,180,260,50,110,200,70,120,210,80,110,0,60,110,210,50,110,210,40,110,60,110,190,60,100,170,50,100,180
40,20,20,30,30,20,20,30,20,10,20,20,20,10,10,20,40,110,70,120,210,60,120,200,280,70,150,60,110,180,250,80,90,200,90,110,70,120,200,0,80,130,0,70,120,200,50,100,180,260,50,110,210,70,120,210,80,110,0,60,110,210,50,110,210,40,110,60,110,210,60,100,180,50,110,180
40,20,20,30,30,20,20,30,20,20,20,20,20,20,10,20,40,110,80,120,0,60,120,200,290,70,150,60,110,180,250,80,90,200,90,110,70,120,200,0,80,130,0,70,110,210,50,100,180,260,50,110,210,70,120,210,80,110,0,60,110,210,50,110,210,40,110,60,110,210,60,110,180,50,110,190
40,20,20,30,30,20,20,30,20,20,20,20,20,20,10,20,40,110,80,120,0,70,120,200,290,70,150,60,110,180,250,80,90,200,90,110,70,120,200,0,80,130,0,70,110,210,60,100,180,260,50,110,210,70,120,210,80,110,0,60,110,210,60,110,210,60,110,70,110,210,60,110,180,50,110,190
40,30,20,30,30,20,30,30,20,20,20,20,20,20,10,20,40,120,80,120,0,70,120,200,290,70,150,60,110,180,250,80,90,200,90,110,70,120,210,0,90,130,0,70,100,210,60,100,180,270,50,110,210,70,120,220,80,120,0,60,110,210,60,110,210,60,110,80,110,200,60,110,180,50,110,190
40,30,20,30,30,20,30,30,20,20,20,20,20,20,10,20,50,120,80,120,0,70,120,200,290,80,150,60,110,180,250,80,90,200,90,110,70,120,210,0,90,140,0,70,110,210,60,100,180,270,60,110,210,70,120,220,70,120,0,60,110,210,60,110,210,60,120,80,110,200,60,110,180,50,110,190
40,30,20,30,30,20,30,30,20,20,20,20,20,20,10,20,50,110,80,120,0,70,120,200,290,80,150,60,110,180,250,80,90,220,90,110,70,120,210,0,90,140,0,70,120,210,60,100,180,270,60,110,210,70,120,220,70,120,0,60,110,210,60,110,210,60,120,80,110,200,60,110,180,50,110,190
40,30,20,30,30,20,30,30,20,20,20,20,20,60,10,20,50,110,80,120,0,70,130,200,290,80,150,60,110,180,250,80,110,200,90,120,70,120,210,0,90,140,0,80,120,210,60,100,180,270,60,110,210,70,120,220,70,120,0,60,110,210,60,110,210,60,120,80,110,200,60,110,180,50,110,190
50,30,20,20,30,20,30,30,20,20,20,20,20,30,10,20,50,110,80,120,0,70,130,200,290,80,150,70,120,180,250,80,120,200,80,120,70,120,210,0,100,140,0,80,120,210,60,100,180,270,60,110,210,70,120,220,70,130,0,60,110,220,60,110,210,60,120,80,120,200,70,110,180,50,110,190
50,30,20,20,30,20,30,30,20,20,20,20,20,30,10,20,50,110,90,120,0,70,130,200,0,80,150,70,120,180,250,60,120,200,40,120,70,120,210,0,100,140,0,80,120,210,60,100,180,270,60,110,210,70,120,220,70,120,0,60,110,220,60,110,210,60,120,70,120,200,70,110,180,50,110,190
50,30,20,40,40,20,30,30,20,20,20,20,20,30,10,20,60,110,90,120,0,70,130,210,0,80,150,70,120,190,260,50,110,200,70,120,70,130,210,0,100,140,0,80,120,220,60,120,190,270,60,120,210,70,120,220,70,120,0,70,110,220,60,110,210,60,120,80,120,200,70,110,180,50,110,190
50,30,20,30,40,20,30,40,20,20,20,20,20,30,20,20,50,110,90,120,0,70,130,210,0,80,150,70,120,190,260,50,110,0,80,120,80,130,210,0,100,140,0,80,120,210,60,120,190,270,60,120,210,70,130,220,70,120,0,70,120,220,60,110,210,70,120,80,120,190,70,110,180,50,110,190
50,30,30,40,40,20,30,40,20,20,20,30,20,30,20,20,60,110,90,130,0,70,130,210,0,80,150,70,120,190,260,50,120,0,80,120,80,130,220,0,100,140,0,80,120,220,70,120,190,270,60,120,210,80,130,220,70,120,0,70,120,220,60,120,210,60,130,70,120,190,70,110,180,50,110,190
50,30,30,40,40,20,30,40,20,20,20,30,10,30,20,20,60,110,90,130,0,70,130,210,0,80,150,70,120,190,260,50,110,0,80,120,80,130,220,0,100,140,0,90,120,220,70,120,190,270,60,120,210,80,130,220,70,120,0,70,120,220,70,120,210,70,130,70,120,200,70,110,180,50,110,190
50,30,30,40,40,20,30,40,20,20,20,30,20,40,20,20,60,110,90,130,0,80,130,210,0,80,150,70,120,190,260,50,110,0,80,120,80,130,220,0,100,150,0,90,120,220,70,120,190,270,60,120,210,80,130,220,60,120,0,70,120,220,70,120,220,70,130,70,120,190,70,110,180,50,110,190
50,30,30,40,40,20,40,40,20,20,20,30,30,30,20,30,60,150,90,130,0,80,130,210,0,80,150,70,120,190,260,60,110,0,80,120,80,130,220,0,0,150,0,90,120,220,70,120,190,280,60,120,220,80,130,230,60,120,0,70,120,220,70,120,220,70,130,70,120,190,70,110,190,50,110,190
50,30,30,50,40,20,40,40,20,20,20,30,30,30,20,30,60,150,90,130,0,80,130,210,0,80,150,80,120,190,260,60,110,0,80,120,80,140,220,0,0,160,0,90,130,220,70,100,190,280,70,120,220,80,130,230,60,120,0,70,120,220,70,120,220,70,120,70,120,190,70,110,190,60,110,190
50,30,30,40,40,20,40,40,20,20,20,30,30,30,20,30,60,150,90,130,0,80,130,210,0,80,150,80,120,190,260,70,100,0,80,120,90,140,220,0,0,160,0,90,130,220,70,110,190,280,70,130,220,80,130,230,60,130,0,70,120,230,70,120,220,70,120,70,120,190,70,110,190,60,110,190
50,30,30,40,40,30,40,40,20,30,20,30,30,30,20,30,70,140,90,130,0,80,130,210,0,90,140,80,120,190,260,70,100,0,80,120,90,140,220,0,0,160,0,90,130,220,70,110,190,280,70,120,220,80,130,230,60,130,0,70,120,230,70,120,220,70,120,70,130,190,70,110,190,60,110,190
50,30,30,40,40,30,40,40,20,20,20,30,30,30,20,30,70,140,90,130,0,80,140,220,0,90,140,80,120,190,260,70,90,0,60,130,90,140,220,0,0,160,0,90,130,220,70,110,190,280,70,120,220,80,130,230,60,130,0,70,120,230,70,120,220,70,120,70,130,190,70,110,190,60,110,190
50,40,30,40,40,30,40,40,20,20,20,30,30,30,20,30,70,140,100,130,0,80,140,220,0,90,140,80,120,190,260,80,90,0,60,130,90,140,220,0,0,160,0,90,130,220,70,110,190,280,70,120,230,80,130,230,60,130,0,70,120,230,70,120,220,70,120,70,130,180,70,120,190,60,110,200
50,40,30,40,40,30,40,40,20,20,20,30,30,30,20,30,70,140,100,130,0,80,140,220,0,90,140,80,120,200,270,80,90,0,60,130,90,140,220,0,0,170,0,90,130,220,70,110,200,0,70,130,230,80,130,230,60,120,0,70,120,230,70,120,220,70,120,70,130,180,80,120,190,60,110,200
50,40,30,40,40,30,40,40,20,30,20,30,30,30,20,30,70,140,100,140,0,80,140,220,0,90,140,80,130,200,270,0,90,0,60,130,90,140,220,0,0,170,0,0,130,0,70,110,200,0,70,130,230,80,130,230,60,120,0,80,120,230,70,120,220,70,130,70,130,180,80,120,190,60,110,200
50,40,30,40,40,30,40,40,20,20,20,30,30,40,20,30,70,140,100,140,0,80,140,220,0,90,140,80,130,200,270,0,90,0,60,130,90,140,220,0,0,170,0,0,130,0,70,110,200,0,70,130,230,80,130,230,90,130,0,80,120,230,80,120,220,70,130,70,140,180,80,120,190,60,110,200
60,40,30,30,40,30,40,40,20,20,20,30,30,30,20,30,70,130,100,140,0,90,140,220,0,90,140,80,130,200,270,0,100,0,60,130,90,140,230,0,0,170,0,0,130,0,70,110,200,0,70,130,230,80,140,230,90,130,0,80,120,230,80,120,220,70,130,80,140,180,80,120,190,60,110,200
60,40,30,50,40,30,40,40,20,30,20,30,30,40,20,30,70,130,100,140,0,90,140,220,0,90,140,0,130,200,270,0,100,0,70,130,90,140,230,0,0,170,0,0,130,0,70,120,200,0,70,130,230,80,140,230,90,140,0,80,120,230,80,120,220,70,130,80,140,180,80,120,190,60,110,200
60,40,30,50,40,30,40,40,20,30,20,30,30,40,20,30,80,130,100,140,0,90,150,220,0,90,140,0,130,200,270,0,100,0,70,130,90,150,230,0,0,170,0,0,140,0,50,120,200,0,70,130,230,80,140,230,90,140,0,80,120,230,80,120,230,80,130,80,140,180,80,120,190,60,120,200
60,40,30,50,40,30,40,40,20,30,20,30,30,40,20,30,80,130,100,140,0,90,150,220,0,90,140,0,130,200,270,0,100,0,70,130,90,150,230,0,0,170,0,0,140,0,80,120,200,0,70,130,230,80,140,240,90,130,0,80,120,230,80,120,230,80,130,80,140,180,80,120,190,60,120,200
60,40,30,60,40,30,50,50,20,30,20,30,30,40,20,30,80,130,100,140,0,90,150,220,0,90,140,0,130,200,270,0,100,0,70,130,0,150,230,0,0,170,0,0,140,0,80,120,200,0,70,130,230,80,140,240,90,130,0,80,120,230,80,120,230,70,130,80,140,180,80,120,190,60,120,200
60,40,30,60,40,30,50,50,30,30,20,30,30,30,20,30,80,130,100,140,0,90,150,220,0,100,140,0,130,200,270,0,120,0,70,130,0,150,230,0,0,170,0,0,140,0,80,120,200,0,70,130,230,80,140,240,90,150,0,80,120,240,80,120,230,70,140,90,140,180,80,120,200,60,120,200
60,40,30,70,40,30,50,50,30,30,20,30,40,30,20,30,80,120,100,140,0,90,150,220,0,100,130,0,130,200,270,0,120,0,70,140,0,150,230,0,0,170,0,0,140,0,80,120,200,0,70,130,240,80,150,240,90,150,0,80,120,240,80,130,230,70,140,80,140,200,80,120,200,60,120,200
60,40,30,60,50,30,50,50,30,30,30,30,40,30,20,30,90,130,100,140,0,90,150,220,0,100,130,0,130,200,270,0,120,0,90,140,0,150,230,0,0,180,0,0,140,0,80,120,200,0,70,130,240,80,150,240,90,150,0,80,120,240,80,130,230,80,140,90,140,200,80,120,200,60,120,200
60,40,30,60,50,30,50,50,30,30,30,40,40,30,20,30,90,130,100,140,0,90,150,220,0,100,130,0,130,200,270,0,120,0,0,140,0,150,230,0,0,180,0,0,150,0,80,120,200,0,70,130,240,80,150,240,90,140,0,80,120,240,80,130,230,80,140,90,140,210,80,120,200,60,120,210
60,40,40,70,50,30,50,50,30,30,30,40,40,30,20,30,90,140,100,140,0,90,150,220,0,100,130,0,130,200,280,0,120,0,0,140,0,150,230,0,0,180,0,0,150,0,80,130,210,0,70,130,250,90,150,240,90,140,0,80,130,240,80,130,230,80,140,90,140,210,80,120,200,60,120,210
60,40,40,70,50,30,50,50,30,30,30,40,40,30,20,40,90,140,100,140,0,90,150,230,0,100,130,0,130,200,280,0,120,0,0,140,0,150,230,0,0,180,0,0,150,0,80,130,210,0,70,130,250,90,150,240,90,140,0,80,130,240,80,130,230,80,140,90,150,210,90,120,200,70,120,210
60,40,40,80,50,30,50,50,30,30,30,40,40,30,20,40,90,140,100,150,0,0,150,230,0,100,130,0,130,200,280,0,130,0,0,140,0,150,240,0,0,180,0,0,150,0,80,140,210,0,70,130,250,90,150,240,90,140,0,80,130,240,80,130,230,80,140,90,140,210,80,120,200,70,120,210
60,40,40,80,50,30,50,50,30,30,30,40,40,40,20,40,90,140,0,150,0,0,150,230,0,100,130,0,130,210,280,0,120,0,0,140,0,150,240,0,0,180,0,0,150,0,90,140,210,0,80,130,250,90,150,240,90,140,0,80,130,240,80,130,230,80,140,80,150,210,80,120,200,70,120,210
60,40,40,80,50,30,50,50,30,30,30,40,40,40,20,40,90,140,0,150,0,0,150,230,0,100,130,0,130,210,290,0,120,0,0,140,0,160,240,0,0,180,0,0,150,0,90,140,210,0,80,130,250,90,150,250,90,150,0,80,130,0,80,130,230,80,140,90,140,210,80,120,200,70,120,210
60,40,40,80,50,30,50,50,30,30,30,40,40,30,20,40,90,140,0,150,0,0,150,230,0,100,130,0,130,210,290,0,130,0,0,140,0,160,240,0,0,180,0,0,150,0,90,140,210,0,80,130,250,90,150,250,0,150,0,80,130,0,80,130,0,80,140,90,140,210,80,130,200,70,120,210
60,40,40,80,50,30,50,50,30,30,30,40,40,30,20,40,90,140,0,150,0,0,150,230,0,100,130,0,140,210,290,0,130,0,0,140,0,160,240,0,0,180,0,0,150,0,90,140,210,0,80,130,250,90,150,250,0,150,0,80,130,0,80,130,0,80,140,80,140,0,80,130,200,70,120,210
70,40,40,80,50,30,50,50,30,30,30,40,40,30,30,40,90,120,0,150,0,0,160,230,0,100,130,0,140,210,290,0,130,0,0,140,0,160,240,0,0,180,0,0,150,0,90,140,210,0,80,130,250,90,150,250,0,150,0,80,130,0,80,130,0,80,140,90,130,0,90,130,200,70,120,210
70,50,40,80,50,30,50,50,30,30,30,40,40,30,30,40,90,120,0,150,0,0,160,230,0,0,120,0,140,210,290,0,130,0,0,140,0,170,240,0,0,200,0,0,150,0,80,140,210,0,80,130,0,90,150,250,0,150,0,90,130,0,90,130,0,90,150,90,130,0,90,130,210,70,120,210
70,50,40,90,50,30,60,60,30,30,30,40,40,30,30,40,90,120,0,150,0,0,160,230,0,0,120,0,140,210,290,0,130,0,0,140,0,170,240,0,0,200,0,0,160,0,90,140,210,0,80,140,0,90,150,250,0,150,0,90,130,0,90,130,0,80,150,90,130,0,90,130,210,70,120,210
70,50,40,90,50,40,60,60,30,40,30,40,40,30,30,40,80,120,0,150,0,0,160,230,0,0,120,0,140,210,290,0,130,0,0,150,0,170,240,0,0,200,0,0,160,0,90,140,220,0,80,140,0,90,150,250,0,150,0,90,130,0,90,130,0,80,150,90,130,0,90,130,210,70,130,210
70,50,40,80,50,40,60,60,30,40,30,40,30,30,30,40,80,120,0,150,0,0,160,230,0,0,120,0,140,210,290,0,130,0,0,150,0,170,250,0,0,200,0,0,160,0,90,140,220,0,80,140,0,90,150,250,0,150,0,90,130,0,90,130,0,80,150,90,130,0,90,130,210,70,130,220
70,50,40,90,50,40,60,60,30,40,30,40,50,10,30,40,90,120,0,150,0,0,160,240,0,0,120,0,140,210,290,0,130,0,0,150,0,170,250,0,0,200,0,0,160,0,90,140,220,0,80,140,0,90,160,250,0,150,0,90,130,0,90,130,0,80,150,90,120,0,90,130,210,70,130,220
70,50,40,100,50,40,60,60,30,40,30,40,50,10,30,40,90,110,0,150,0,0,160,240,0,0,120,0,140,210,300,0,130,0,0,150,0,170,250,0,0,200,0,0,160,0,90,150,220,0,90,140,0,90,160,250,0,150,0,90,130,0,90,130,0,80,150,90,120,0,90,130,210,70,130,220
70,50,40,100,50,40,60,60,30,40,30,40,50,20,30,40,80,130,0,150,0,0,160,240,0,0,120,0,140,220,300,0,140,0,0,150,0,170,250,0,0,200,0,0,160,0,90,140,220,0,90,140,0,90,160,250,0,160,0,90,130,0,90,130,0,80,150,90,160,0,90,130,210,70,130,220
70,50,40,100,50,40,60,60,30,40,30,40,50,20,30,40,80,130,0,150,0,0,160,240,0,0,120,0,140,220,300,0,140,0,0,150,0,170,250,0,0,200,0,0,160,0,90,140,220,0,90,140,0,100,160,250,0,170,0,90,130,0,90,130,0,80,150,90,150,0,90,130,210,70,130,220
70,50,40,100,50,40,60,60,30,40,30,40,50,20,30,40,90,140,0,150,0,0,160,240,0,0,120,0,140,220,300,0,130,0,0,150,0,170,250,0,0,200,0,0,160,0,90,140,220,0,90,140,0,100,160,260,0,170,0,90,130,0,90,140,0,80,140,0,150,0,90,130,210,70,130,220
70,50,40,100,50,40,60,60,30,40,30,40,50,30,30,40,60,140,0,150,0,0,160,240,0,0,120,0,140,220,300,0,130,0,0,150,0,180,250,0,0,200,0,0,160,0,90,140,220,0,90,140,0,100,160,260,0,160,0,90,130,0,90,140,0,90,130,0,150,0,90,130,210,70,130,220
70,60,40,90,50,40,60,60,30,40,30,40,50,40,30,40,60,130,0,160,0,0,160,240,0,0,110,0,150,220,300,0,130,0,0,150,0,180,260,0,0,200,0,0,160,0,90,150,220,0,90,140,0,100,160,260,0,160,0,90,130,0,90,140,0,90,130,0,150,0,90,140,210,80,130,220
70,60,40,60,50,40,60,60,30,40,30,40,50,50,30,40,80,150,0,160,0,0,160,240,0,0,110,0,150,220,300,0,130,0,0,150,0,180,260,0,0,0,0,0,160,0,40,150,220,0,90,140,0,100,160,260,0,160,0,90,140,0,0,140,0,90,130,0,150,0,90,140,210,80,130,220
70,60,40,60,50,40,60,60,30,40,30,40,50,40,30,40,80,140,0,160,0,0,160,250,0,0,110,0,150,220,300,0,130,0,0,150,0,180,260,0,0,0,0,0,170,0,0,150,220,0,90,140,0,100,160,260,0,160,0,90,140,0,0,140,0,90,130,0,150,0,90,140,210,80,130,220
80,60,40,60,50,40,60,60,30,40,30,40,50,40,30,40,80,140,0,160,0,0,170,250,0,0,110,0,150,220,300,0,130,0,0,150,0,180,260,0,0,0,0,0,170,0,0,150,220,0,90,140,0,100,160,260,0,160,0,90,140,0,0,140,0,90,130,0,150,0,90,140,210,80,130,220
80,60,40,50,50,40,60,70,40,40,30,40,50,40,30,40,80,140,0,160,0,0,170,250,0,0,110,0,150,220,300,0,130,0,0,150,0,180,260,0,0,0,0,0,170,0,0,150,220,0,90,140,0,100,160,260,0,160,0,90,140,0,0,140,0,90,160,0,150,0,90,140,220,80,130,220
80,60,40,40,50,40,70,70,40,40,30,40,50,40,30,40,80,120,0,160,0,0,170,250,0,0,110,0,150,220,0,0,130,0,0,150,0,180,260,0,0,0,0,0,170,0,0,150,220,0,90,150,0,100,170,260,0,190,0,90,140,0,0,140,0,90,160,0,150,0,90,140,220,80,130,0
80,60,40,40,50,40,70,70,40,40,30,40,50,30,30,40,80,120,0,160,0,0,170,250,0,0,110,0,150,230,0,0,140,0,0,150,0,180,260,0,0,0,0,0,170,0,0,150,220,0,90,150,0,100,170,260,0,180,0,90,140,0,0,140,0,90,160,0,120,0,90,140,220,80,140,0
80,60,40,50,50,40,70,70,40,40,30,50,50,40,30,40,70,100,0,160,0,0,170,250,0,0,110,0,150,230,0,0,140,0,0,160,0,180,260,0,0,0,0,0,170,0,0,150,230,0,90,150,0,100,170,270,0,180,0,90,140,0,0,140,0,90,150,0,120,0,90,140,220,80,140,0
80,60,50,50,60,40,70,70,40,40,30,40,50,10,30,40,70,100,0,160,0,0,170,250,0,0,110,0,150,230,0,0,140,0,0,160,0,180,270,0,0,0,0,0,170,0,0,150,230,0,0,150,0,100,170,270,0,180,0,90,140,0,0,140,0,90,160,0,120,0,0,140,220,80,140,0
80,60,50,50,60,40,70,70,40,40,30,40,50,10,30,40,70,100,0,160,0,0,0,250,0,0,110,0,150,230,0,0,120,0,0,160,0,180,270,0,0,0,0,0,170,0,0,150,230,0,0,150,0,100,170,270,0,180,0,0,140,0,0,140,0,90,160,0,120,0,0,140,220,80,140,0
80,60,50,50,60,40,70,70,40,40,30,40,50,30,30,40,70,100,0,160,0,0,0,250,0,0,110,0,150,230,0,0,160,0,0,160,0,180,270,0,0,0,0,0,170,0,0,150,230,0,0,150,0,100,170,270,0,180,0,0,140,0,0,140,0,90,160,0,120,0,0,140,240,80,140,0
80,60,50,50,60,40,70,70,40,40,30,50,50,30,30,50,30,100,0,160,0,0,0,260,0,0,110,0,150,230,0,0,150,0,0,160,0,180,270,0,0,0,0,0,170,0,0,160,230,0,0,150,0,100,170,270,0,180,0,0,140,0,0,140,0,90,160,0,120,0,0,140,240,80,140,0
90,60,50,60,60,40,70,70,40,40,30,50,50,30,30,50,30,100,0,160,0,0,0,260,0,0,110,0,150,230,0,0,150,0,0,160,0,180,270,0,0,0,0,0,170,0,0,160,230,0,0,150,0,0,170,0,0,170,0,0,140,0,0,140,0,90,160,0,120,0,0,140,220,80,140,0
90,60,50,60,60,40,70,70,40,40,30,50,50,20,30,50,30,140,0,160,0,0,0,260,0,0,110,0,150,230,0,0,150,0,0,160,0,0,270,0,0,0,0,0,170,0,0,160,230,0,0,150,0,0,170,0,0,170,0,0,140,0,0,140,0,90,160,0,120,0,0,140,220,80,140,0
90,60,50,100,60,40,70,70,40,40,30,50,50,50,30,60,30,140,0,160,0,0,0,260,0,0,0,0,150,230,0,0,150,0,0,160,0,0,0,0,0,0,0,0,180,0,0,160,230,0,0,150,0,0,170,0,0,170,0,0,140,0,0,140,0,90,160,0,120,0,0,140,220,80,140,0
90,60,50,100,60,40,70,70,40,40,30,50,50,50,30,60,30,0,0,160,0,0,0,260,0,0,0,0,160,230,0,0,150,0,0,160,0,0,0,0,0,0,0,0,180,0,0,160,240,0,0,150,0,0,170,0,0,170,0,0,150,0,0,140,0,90,160,0,110,0,0,140,220,80,140,0
80,60,50,100,60,40,70,70,40,40,30,50,50,40,30,60,30,0,0,170,0,0,0,260,0,0,0,0,160,230,0,0,150,0,0,160,0,0,0,0,0,0,0,0,180,0,0,160,240,0,0,150,0,0,170,0,0,170,0,0,150,0,0,150,0,90,160,0,110,0,0,140,220,80,140,0
80,60,50,100,60,40,70,80,40,40,30,50,50,40,30,60,40,0,0,170,0,0,0,260,0,0,0,0,160,230,0,0,150,0,0,160,0,0,0,0,0,0,0,0,180,0,0,160,240,0,0,150,0,0,180,0,0,170,0,0,150,0,0,150,0,100,160,0,110,0,0,150,220,80,140,0
80,60,50,90,60,40,70,80,40,40,30,50,60,50,30,60,50,0,0,170,0,0,0,260,0,0,0,0,160,230,0,0,140,0,0,160,0,0,0,0,0,0,0,0,180,0,0,160,240,0,0,150,0,0,180,0,0,170,0,0,150,0,0,150,0,100,170,0,110,0,0,150,230,80,140,0
90,60,50,90,60,40,70,80,40,40,30,50,60,50,40,60,50,0,0,170,0,0,0,260,0,0,0,0,160,230,0,0,130,0,0,160,0,0,0,0,0,0,0,0,180,0,0,160,240,0,0,150,0,0,180,0,0,190,0,0,150,0,0,150,0,100,170,0,110,0,0,150,230,80,140,0
90,70,50,90,60,40,70,80,40,40,30,50,60,60,40,60,50,0,0,170,0,0,0,260,0,0,0,0,160,230,0,0,170,0,0,160,0,0,0,0,0,0,0,0,180,0,0,160,240,0,0,150,0,0,180,0,0,190,0,0,150,0,0,150,0,100,170,0,110,0,0,150,230,80,140,0
90,70,50,90,60,50,80,80,40,40,30,50,60,60,40,60,50,0,0,170,0,0,0,260,0,0,0,0,160,230,0,0,160,0,0,160,0,0,0,0,0,0,0,0,180,0,0,160,240,0,0,150,0,0,180,0,0,190,0,0,150,0,0,150,0,100,170,0,110,0,0,150,230,90,140,0
100,70,50,80,60,50,80,80,40,40,30,50,60,50,40,50,50,0,0,170,0,0,0,260,0,0,0,0,160,0,0,0,160,0,0,170,0,0,0,0,0,0,0,0,180,0,0,160,240,0,0,150,0,0,180,0,0,0,0,0,150,0,0,150,0,100,170,0,130,0,0,150,230,90,140,0
100,70,50,70,60,50,80,80,40,40,30,50,60,60,40,50,50,0,0,170,0,0,0,260,0,0,0,0,160,0,0,0,170,0,0,170,0,0,0,0,0,0,0,0,180,0,0,160,240,0,0,160,0,0,180,0,0,0,0,0,150,0,0,150,0,100,170,0,130,0,0,150,230,90,150,0
100,70,50,70,70,50,80,80,40,50,30,50,60,70,40,50,50,0,0,170,0,0,0,0,0,0,0,0,160,0,0,0,170,0,0,170,0,0,0,0,0,0,0,0,180,0,0,160,240,0,0,160,0,0,180,0,0,0,0,0,150,0,0,150,0,100,170,0,130,0,0,150,230,90,150,0
100,70,50,70,70,50,80,90,40,50,30,50,60,60,40,50,50,0,0,180,0,0,0,0,0,0,0,0,160,0,0,0,170,0,0,170,0,0,0,0,0,0,0,0,0,0,0,160,240,0,0,160,0,0,180,0,0,0,0,0,150,0,0,150,0,100,170,0,120,0,0,150,230,90,150,0
100,70,60,70,70,50,80,90,40,50,40,50,60,60,40,50,50,0,0,180,0,0,0,0,0,0,0,0,160,0,0,0,170,0,0,170,0,0,0,0,0,0,0,0,0,0,0,160,240,0,0,160,0,0,180,0,0,0,0,0,150,0,0,150,0,100,170,0,160,0,0,150,240,90,150,0
100,70,60,70,70,50,80,90,40,50,40,50,60,50,40,60,50,0,0,180,0,0,0,0,0,0,0,0,0,0,0,0,170,0,0,170,0,0,0,0,0,0,0,0,0,0,0,160,0,0,0,160,0,0,180,0,0,0,0,0,150,0,0,150,0,100,170,0,160,0,0,150,240,90,150,0
100,70,60,60,70,50,80,90,40,50,40,50,60,50,40,50,50,0,0,180,0,0,0,0,0,0,0,0,0,0,0,0,170,0,0,170,0,0,0,0,0,0,0,0,0,0,0,160,0,0,0,160,0,0,180,0,0,0,0,0,150,0,0,150,0,100,180,0,160,0,0,150,240,90,150,0
100,70,60,60,70,50,80,90,40,50,40,50,60,50,40,50,60,0,0,180,0,0,0,0,0,0,0,0,0,0,0,0,160,0,0,170,0,0,0,0,0,0,0,0,0,0,0,160,0,0,0,160,0,0,180,0,0,0,0,0,150,0,0,160,0,100,180,0,170,0,0,150,240,90,150,0
100,70,60,60,70,50,90,90,40,50,40,60,60,40,40,50,60,0,0,180,0,0,0,0,0,0,0,0,0,0,0,0,150,0,0,170,0,0,0,0,0,0,0,0,0,0,0,150,0,0,0,160,0,0,180,0,0,0,0,0,160,0,0,160,0,100,180,0,170,0,0,150,240,90,150,0
100,70,60,60,70,50,90,90,40,50,40,60,60,50,40,50,60,0,0,180,0,0,0,0,0,0,0,0,0,0,0,0,160,0,0,180,0,0,0,0,0,0,0,0,0,0,0,160,0,0,0,160,0,0,180,0,0,0,0,0,160,0,0,160,0,90,180,0,170,0,0,150,240,90,150,0
100,70,60,80,70,50,90,90,40,40,40,60,60,50,40,50,60,0,0,180,0,0,0,0,0,0,0,0,0,0,0,0,160,0,0,180,0,0,0,0,0,0,0,0,0,0,0,0,0,0,0,160,0,0,180,0,0,0,0,0,160,0,0,160,0,100,180,0,170,0,0,150,240,90,150,0
90,70,60,90,70,50,90,90,40,50,40,60,60,50,40,40,60,0,0,180,0,0,0,0,0,0,0,0,0,0,0,0,160,0,0,180,0,0,0,0,0,0,0,0,0,0,0,0,0,0,0,160,0,0,180,0,0,0,0,0,160,0,0,160,0,100,180,0,170,0,0,150,240,90,150,0
90,70,60,70,70,50,90,90,40,50,40,60,60,60,40,50,60,0,0,180,0,0,0,0,0,0,0,0,0,0,0,0,160,0,0,180,0,0,0,0,0,0,0,0,0,0,0,0,0,0,0,160,0,0,180,0,0,0,0,0,160,0,0,160,0,100,170,0,170,0,0,150,240,90,150,0
0,70,60,70,70,50,90,100,40,50,40,60,60,60,40,50,60,0,0,180,0,0,0,0,0,0,0,0,0,0,0,0,160,0,0,180,0,0,0,0,0,0,0,0,0,0,0,0,0,0,0,160,0,0,190,0,0,0,0,0,160,0,0,160,0,0,130,0,170,0,0,150,240,90,150,0
0,70,60,70,70,50,90,100,40,50,40,60,60,40,40,50,60,0,0,190,0,0,0,0,0,0,0,0,0,0,0,0,110,0,0,180,0,0,0,0,0,0,0,0,0,0,0,0,0,0,0,160,0,0,190,0,0,0,0,0,160,0,0,160,0,0,130,0,130,0,0,150,240,90,150,0
0,70,60,60,70,50,90,100,40,50,40,60,60,40,40,50,60,0,0,190,0,0,0,0,0,0,0,0,0,0,0,0,140,0,0,180,0,0,0,0,0,0,0,0,0,0,0,0,0,0,0,160,0,0,190,0,0,0,0,0,160,0,0,160,0,0,130,0,130,0,0,150,240,90,150,0
0,70,60,60,70,50,90,100,50,50,40,60,60,50,40,50,70,0,0,190,0,0,0,0,0,0,0,0,0,0,0,0,140,0,0,170,0,0,0,0,0,0,0,0,0,0,0,0,0,0,0,160,0,0,190,0,0,0,0,0,170,0,0,160,0,0,130,0,130,0,0,150,240,90,150,0
0,70,60,90,70,50,90,100,50,50,40,60,60,50,40,50,70,0,0,190,0,0,0,0,0,0,0,0,0,0,0,0,110,0,0,0,0,0,0,0,0,0,0,0,0,0,0,0,0,0,0,160,0,0,190,0,0,0,0,0,170,0,0,160,0,0,150,0,130,0,0,150,240,90,150,0
0,70,60,60,70,50,100,100,50,50,40,60,60,50,40,50,70,0,0,190,0,0,0,0,0,0,0,0,0,0,0,0,140,0,0,0,0,0,0,0,0,0,0,0,0,0,0,0,0,0,0,160,0,0,190,0,0,0,0,0,170,0,0,160,0,0,160,0,160,0,0,150,240,90,150,0
0,70,60,50,70,50,100,100,50,50,40,60,60,50,40,50,70,0,0,190,0,0,0,0,0,0,0,0,0,0,0,0,140,0,0,0,0,0,0,0,0,0,0,0,0,0,0,0,0,0,0,160,0,0,190,0,0,0,0,0,170,0,0,160,0,0,180,0,150,0,0,160,240,90,150,0
0,80,60,0,70,50,100,100,50,50,40,60,60,60,40,50,50,0,0,190,0,0,0,0,0,0,0,0,0,0,0,0,0,0,0,0,0,0,0,0,0,0,0,0,0,0,0,0,0,0,0,160,0,0,190,0,0,0,0,0,170,0,0,160,0,0,180,0,160,0,0,160,220,90,150,0
0,80,60,0,80,50,100,100,50,50,40,60,70,50,40,50,40,0,0,190,0,0,0,0,0,0,0,0,0,0,0,0,0,0,0,0,0,0,0,0,0,0,0,0,0,0,0,0,0,0,0,160,0,0,190,0,0,0,0,0,170,0,0,170,0,0,130,0,160,0,0,160,220,90,150,0
0,80,60,0,80,50,100,100,50,50,40,60,70,50,40,50,40,0,0,190,0,0,0,0,0,0,0,0,0,0,0,0,0,0,0,0,0,0,0,0,0,0,0,0,0,0,0,0,0,0,0,160,0,0,190,0,0,0,0,0,170,0,0,170,0,0,0,0,160,0,0,160,0,90,150,0
0,80,60,0,80,50,100,100,50,50,40,60,70,50,40,50,40,0,0,190,0,0,0,0,0,0,0,0,0,0,0,0,0,0,0,0,0,0,0,0,0,0,0,0,0,0,0,0,0,0,0,170,0,0,190,0,0,0,0,0,170,0,0,170,0,0,0,0,160,0,0,160,0,90,160,0
0,80,60,0,80,50,100,100,50,50,40,60,70,40,40,50,40,0,0,0,0,0,0,0,0,0,0,0,0,0,0,0,0,0,0,0,0,0,0,0,0,0,0,0,0,0,0,0,0,0,0,170,0,0,190,0,0,0,0,0,170,0,0,170,0,0,0,0,160,0,0,160,0,90,160,0
0,80,60,0,80,60,100,100,50,50,40,60,70,50,40,60,40,0,0,0,0,0,0,0,0,0,0,0,0,0,0,0,0,0,0,0,0,0,0,0,0,0,0,0,0,0,0,0,0,0,0,170,0,0,190,0,0,0,0,0,170,0,0,170,0,0,0,0,170,0,0,160,0,0,160,0
0,80,70,0,80,50,100,100,50,50,40,60,70,40,40,60,50,0,0,0,0,0,0,0,0,0,0,0,0,0,0,0,0,0,0,0,0,0,0,0,0,0,0,0,0,0,0,0,0,0,0,170,0,0,190,0,0,0,0,0,170,0,0,170,0,0,0,0,160,0,0,160,0,0,160,0
0,80,70,0,80,60,100,0,50,50,40,60,70,40,40,60,50,0,0,0,0,0,0,0,0,0,0,0,0,0,0,0,0,0,0,0,0,0,0,0,0,0,0,0,0,0,0,0,0,0,0,170,0,0,190,0,0,0,0,0,170,0,0,170,0,0,0,0,160,0,0,160,0,0,160,0
0,80,70,0,80,60,0,0,50,50,40,60,70,60,40,60,50,0,0,0,0,0,0,0,0,0,0,0,0,0,0,0,0,0,0,0,0,0,0,0,0,0,0,0,0,0,0,0,0,0,0,170,0,0,190,0,0,0,0,0,170,0,0,170,0,0,0,0,170,0,0,160,0,0,160,0
0,80,70,0,80,50,0,0,50,50,40,60,70,50,40,60,50,0,0,0,0,0,0,0,0,0,0,0,0,0,0,0,0,0,0,0,0,0,0,0,0,0,0,0,0,0,0,0,0,0,0,170,0,0,190,0,0,0,0,0,170,0,0,170,0,0,0,0,170,0,0,160,0,0,160,0
0,80,70,0,80,50,0,0,50,50,40,60,70,50,40,60,40,0,0,0,0,0,0,0,0,0,0,0,0,0,0,0,0,0,0,0,0,0,0,0,0,0,0,0,0,0,0,0,0,0,0,170,0,0,0,0,0,0,0,0,180,0,0,170,0,0,0,0,170,0,0,160,0,0,160,0
0,80,70,0,80,60,0,0,50,50,40,60,70,50,50,60,30,0,0,0,0,0,0,0,0,0,0,0,0,0,0,0,0,0,0,0,0,0,0,0,0,0,0,0,0,0,0,0,0,0,0,170,0,0,0,0,0,0,0,0,180,0,0,170,0,0,0,0,150,0,0,160,0,0,160,0
0,80,70,0,80,60,0,0,50,50,40,60,70,50,50,60,30,0,0,0,0,0,0,0,0,0,0,0,0,0,0,0,0,0,0,0,0,0,0,0,0,0,0,0,0,0,0,0,0,0,0,170,0,0,0,0,0,0,0,0,180,0,0,170,0,0,0,0,150,0,0,160,0,0,160,0
0,80,70,0,80,60,0,0,50,60,40,60,70,50,50,60,30,0,0,0,0,0,0,0,0,0,0,0,0,0,0,0,0,0,0,0,0,0,0,0,0,0,0,0,0,0,0,0,0,0,0,170,0,0,0,0,0,0,0,0,180,0,0,170,0,0,0,0,130,0,0,160,0,0,160,0
0,80,70,0,80,60,0,0,50,60,40,70,70,70,50,60,30,0,0,0,0,0,0,0,0,0,0,0,0,0,0,0,0,0,0,0,0,0,0,0,0,0,0,0,0,0,0,0,0,0,0,170,0,0,0,0,0,0,0,0,180,0,0,180,0,0,0,0,160,0,0,0,0,0,160,0
0,80,70,0,80,60,0,0,50,60,40,70,70,70,50,60,40,0,0,0,0,0,0,0,0,0,0,0,0,0,0,0,0,0,0,0,0,0,0,0,0,0,0,0,0,0,0,0,0,0,0,180,0,0,0,0,0,0,0,0,180,0,0,180,0,0,0,0,160,0,0,0,0,0,160,0
0,80,70,0,80,60,0,0,50,60,40,60,70,70,50,60,40,0,0,0,0,0,0,0,0,0,0,0,0,0,0,0,0,0,0,0,0,0,0,0,0,0,0,0,0,0,0,0,0,0,0,180,0,0,0,0,0,0,0,0,180,0,0,180,0,0,0,0,150,0,0,0,0,0,160,0
0,80,70,0,80,60,0,0,50,60,40,60,70,70,50,60,40,0,0,0,0,0,0,0,0,0,0,0,0,0,0,0,0,0,0,0,0,0,0,0,0,0,0,0,0,0,0,0,0,0,0,180,0,0,0,0,0,0,0,0,0,0,0,180,0,0,0,0,150,0,0,0,0,0,160,0
0,80,70,0,80,60,0,0,50,60,50,70,70,70,50,60,40,0,0,0,0,0,0,0,0,0,0,0,0,0,0,0,0,0,0,0,0,0,0,0,0,0,0,0,0,0,0,0,0,0,0,180,0,0,0,0,0,0,0,0,0,0,0,180,0,0,0,0,160,0,0,0,0,0,160,0
0,90,70,0,80,60,0,0,50,60,50,70,70,60,50,60,60,0,0,0,0,0,0,0,0,0,0,0,0,0,0,0,0,0,0,0,0,0,0,0,0,0,0,0,0,0,0,0,0,0,0,180,0,0,0,0,0,0,0,0,0,0,0,180,0,0,0,0,150,0,0,0,0,0,170,0
0,90,70,0,80,60,0,0,50,60,50,70,70,50,50,60,60,0,0,0,0,0,0,0,0,0,0,0,0,0,0,0,0,0,0,0,0,0,0,0,0,0,0,0,0,0,0,0,0,0,0,180,0,0,0,0,0,0,0,0,0,0,0,180,0,0,0,0,150,0,0,0,0,0,170,0
0,90,70,0,90,60,0,0,50,60,50,70,70,60,50,60,40,0,0,0,0,0,0,0,0,0,0,0,0,0,0,0,0,0,0,0,0,0,0,0,0,0,0,0,0,0,0,0,0,0,0,180,0,0,0,0,0,0,0,0,0,0,0,180,0,0,0,0,150,0,0,0,0,0,170,0
0,90,70,0,90,60,0,0,50,60,50,70,70,70,50,60,50,0,0,0,0,0,0,0,0,0,0,0,0,0,0,0,0,0,0,0,0,0,0,0,0,0,0,0,0,0,0,0,0,0,0,180,0,0,0,0,0,0,0,0,0,0,0,180,0,0,0,0,150,0,0,0,0,0,170,0
0,90,70,0,90,60,0,0,50,60,50,70,70,80,50,60,0,0,0,0,0,0,0,0,0,0,0,0,0,0,0,0,0,0,0,0,0,0,0,0,0,0,0,0,0,0,0,0,0,0,0,180,0,0,0,0,0,0,0,0,0,0,0,180,0,0,0,0,150,0,0,0,0,0,170,0
0,90,80,0,90,60,0,0,50,60,50,70,80,60,50,60,0,0,0,0,0,0,0,0,0,0,0,0,0,0,0,0,0,0,0,0,0,0,0,0,0,0,0,0,0,0,0,0,0,0,0,180,0,0,0,0,0,0,0,0,0,0,0,180,0,0,0,0,160,0,0,0,0,0,170,0
0,90,80,0,90,60,0,0,50,60,50,70,80,60,50,60,0,0,0,0,0,0,0,0,0,0,0,0,0,0,0,0,0,0,0,0,0,0,0,0,0,0,0,0,0,0,0,0,0,0,0,180,0,0,0,0,0,0,0,0,0,0,0,180,0,0,0,0,160,0,0,0,0,0,170,0
0,90,80,0,90,60,0,0,50,60,50,70,80,60,50,90,0,0,0,0,0,0,0,0,0,0,0,0,0,0,0,0,0,0,0,0,0,0,0,0,0,0,0,0,0,0,0,0,0,0,0,0,0,0,0,0,0,0,0,0,0,0,0,190,0,0,0,0,160,0,0,0,0,0,170,0
0,90,80,0,90,60,0,0,50,60,50,70,80,60,50,90,0,0,0,0,0,0,0,0,0,0,0,0,0,0,0,0,0,0,0,0,0,0,0,0,0,0,0,0,0,0,0,0,0,0,0,0,0,0,0,0,0,0,0,0,0,0,0,190,0,0,0,0,160,0,0,0,0,0,170,0
0,90,80,0,90,60,0,0,50,60,50,70,80,60,50,90,0,0,0,0,0,0,0,0,0,0,0,0,0,0,0,0,0,0,0,0,0,0,0,0,0,0,0,0,0,0,0,0,0,0,0,0,0,0,0,0,0,0,0,0,0,0,0,190,0,0,0,0,150,0,0,0,0,0,170,0
0,90,80,0,90,60,0,0,60,60,50,70,80,80,50,90,0,0,0,0,0,0,0,0,0,0,0,0,0,0,0,0,0,0,0,0,0,0,0,0,0,0,0,0,0,0,0,0,0,0,0,0,0,0,0,0,0,0,0,0,0,0,0,190,0,0,0,0,170,0,0,0,0,0,170,0
0,90,80,0,90,60,0,0,60,60,50,70,80,80,50,90,0,0,0,0,0,0,0,0,0,0,0,0,0,0,0,0,0,0,0,0,0,0,0,0,0,0,0,0,0,0,0,0,0,0,0,0,0,0,0,0,0,0,0,0,0,0,0,190,0,0,0,0,170,0,0,0,0,0,170,0
0,90,80,0,90,60,0,0,60,60,50,70,80,90,50,90,0,0,0,0,0,0,0,0,0,0,0,0,0,0,0,0,0,0,0,0,0,0,0,0,0,0,0,0,0,0,0,0,0,0,0,0,0,0,0,0,0,0,0,0,0,0,0,190,0,0,0,0,0,0,0,0,0,0,170,0
0,90,80,0,90,60,0,0,60,60,50,70,80,90,50,90,0,0,0,0,0,0,0,0,0,0,0,0,0,0,0,0,0,0,0,0,0,0,0,0,0,0,0,0,0,0,0,0,0,0,0,0,0,0,0,0,0,0,0,0,0,0,0,190,0,0,0,0,0,0,0,0,0,0,170,0
0,90,80,0,90,60,0,0,60,60,50,70,80,80,50,90,0,0,0,0,0,0,0,0,0,0,0,0,0,0,0,0,0,0,0,0,0,0,0,0,0,0,0,0,0,0,0,0,0,0,0,0,0,0,0,0,0,0,0,0,0,0,0,0,0,0,0,0,0,0,0,0,0,0,170,0
0,90,80,0,100,60,0,0,60,60,50,70,80,80,50,90,0,0,0,0,0,0,0,0,0,0,0,0,0,0,0,0,0,0,0,0,0,0,0,0,0,0,0,0,0,0,0,0,0,0,0,0,0,0,0,0,0,0,0,0,0,0,0,0,0,0,0,0,0,0,0,0,0,0,170,0
0,90,80,0,100,60,0,0,60,60,50,70,80,90,50,90,0,0,0,0,0,0,0,0,0,0,0,0,0,0,0,0,0,0,0,0,0,0,0,0,0,0,0,0,0,0,0,0,0,0,0,0,0,0,0,0,0,0,0,0,0,0,0,0,0,0,0,0,0,0,0,0,0,0,0,0
0,100,80,0,100,70,0,0,60,60,50,70,70,90,50,90,0,0,0,0,0,0,0,0,0,0,0,0,0,0,0,0,0,0,0,0,0,0,0,0,0,0,0,0,0,0,0,0,0,0,0,0,0,0,0,0,0,0,0,0,0,0,0,0,0,0,0,0,0,0,0,0,0,0,0,0
0,100,80,0,100,70,0,0,60,60,50,80,70,80,50,90,0,0,0,0,0,0,0,0,0,0,0,0,0,0,0,0,0,0,0,0,0,0,0,0,0,0,0,0,0,0,0,0,0,0,0,0,0,0,0,0,0,0,0,0,0,0,0,0,0,0,0,0,0,0,0,0,0,0,0,0
0,100,80,0,100,70,0,0,60,60,50,70,80,90,50,90,0,0,0,0,0,0,0,0,0,0,0,0,0,0,0,0,0,0,0,0,0,0,0,0,0,0,0,0,0,0,0,0,0,0,0,0,0,0,0,0,0,0,0,0,0,0,0,0,0,0,0,0,0,0,0,0,0,0,0,0
0,100,80,0,100,70,0,0,60,60,50,70,80,90,50,90,0,0,0,0,0,0,0,0,0,0,0,0,0,0,0,0,0,0,0,0,0,0,0,0,0,0,0,0,0,0,0,0,0,0,0,0,0,0,0,0,0,0,0,0,0,0,0,0,0,0,0,0,0,0,0,0,0,0,0,0
0,100,80,0,100,70,0,0,60,60,50,70,80,90,50,90,0,0,0,0,0,0,0,0,0,0,0,0,0,0,0,0,0,0,0,0,0,0,0,0,0,0,0,0,0,0,0,0,0,0,0,0,0,0,0,0,0,0,0,0,0,0,0,0,0,0,0,0,0,0,0,0,0,0,0,0
0,0,80,0,100,70,0,0,60,60,50,70,70,80,50,90,0,0,0,0,0,0,0,0,0,0,0,0,0,0,0,0,0,0,0,0,0,0,0,0,0,0,0,0,0,0,0,0,0,0,0,0,0,0,0,0,0,0,0,0,0,0,0,0,0,0,0,0,0,0,0,0,0,0,0,0
0,0,80,0,100,70,0,0,60,60,50,70,70,80,50,90,0,0,0,0,0,0,0,0,0,0,0,0,0,0,0,0,0,0,0,0,0,0,0,0,0,0,0,0,0,0,0,0,0,0,0,0,0,0,0,0,0,0,0,0,0,0,0,0,0,0,0,0,0,0,0,0,0,0,0,0
0,0,90,0,100,70,0,0,60,60,50,80,70,90,50,90,0,0,0,0,0,0,0,0,0,0,0,0,0,0,0,0,0,0,0,0,0,0,0,0,0,0,0,0,0,0,0,0,0,0,0,0,0,0,0,0,0,0,0,0,0,0,0,0,0,0,0,0,0,0,0,0,0,0,0,0
0,0,90,0,100,70,0,0,60,60,50,80,80,70,50,90,0,0,0,0,0,0,0,0,0,0,0,0,0,0,0,0,0,0,0,0,0,0,0,0,0,0,0,0,0,0,0,0,0,0,0,0,0,0,0,0,0,0,0,0,0,0,0,0,0,0,0,0,0,0,0,0,0,0,0,0
0,0,90,0,100,70,0,0,60,60,50,80,80,60,50,90,0,0,0,0,0,0,0,0,0,0,0,0,0,0,0,0,0,0,0,0,0,0,0,0,0,0,0,0,0,0,0,0,0,0,0,0,0,0,0,0,0,0,0,0,0,0,0,0,0,0,0,0,0,0,0,0,0,0,0,0
0,0,90,0,100,70,0,0,60,60,50,80,90,40,50,90,0,0,0,0,0,0,0,0,0,0,0,0,0,0,0,0,0,0,0,0,0,0,0,0,0,0,0,0,0,0,0,0,0,0,0,0,0,0,0,0,0,0,0,0,0,0,0,0,0,0,0,0,0,0,0,0,0,0,0,0
0,0,90,0,100,70,0,0,60,60,50,80,90,40,50,70,0,0,0,0,0,0,0,0,0,0,0,0,0,0,0,0,0,0,0,0,0,0,0,0,0,0,0,0,0,0,0,0,0,0,0,0,0,0,0,0,0,0,0,0,0,0,0,0,0,0,0,0,0,0,0,0,0,0,0,0
0,0,90,0,100,70,0,0,60,60,50,80,90,40,50,70,0,0,0,0,0,0,0,0,0,0,0,0,0,0,0,0,0,0,0,0,0,0,0,0,0,0,0,0,0,0,0,0,0,0,0,0,0,0,0,0,0,0,0,0,0,0,0,0,0,0,0,0,0,0,0,0,0,0,0,0
0,0,90,0,0,70,0,0,60,60,50,80,90,50,50,70,0,0,0,0,0,0,0,0,0,0,0,0,0,0,0,0,0,0,0,0,0,0,0,0,0,0,0,0,0,0,0,0,0,0,0,0,0,0,0,0,0,0,0,0,0,0,0,0,0,0,0,0,0,0,0,0,0,0,0,0
0,0,90,0,0,70,0,0,60,60,50,80,90,50,50,70,0,0,0,0,0,0,0,0,0,0,0,0,0,0,0,0,0,0,0,0,0,0,0,0,0,0,0,0,0,0,0,0,0,0,0,0,0,0,0,0,0,0,0,0,0,0,0,0,0,0,0,0,0,0,0,0,0,0,0,0
0,0,90,0,0,70,0,0,60,60,50,80,90,50,60,70,0,0,0,0,0,0,0,0,0,0,0,0,0,0,0,0,0,0,0,0,0,0,0,0,0,0,0,0,0,0,0,0,0,0,0,0,0,0,0,0,0,0,0,0,0,0,0,0,0,0,0,0,0,0,0,0,0,0,0,0
0,0,90,0,0,70,0,0,60,60,50,80,90,50,60,70,0,0,0,0,0,0,0,0,0,0,0,0,0,0,0,0,0,0,0,0,0,0,0,0,0,0,0,0,0,0,0,0,0,0,0,0,0,0,0,0,0,0,0,0,0,0,0,0,0,0,0,0,0,0,0,0,0,0,0,0
0,0,90,0,0,70,0,0,60,70,50,80,90,50,60,70,0,0,0,0,0,0,0,0,0,0,0,0,0,0,0,0,0,0,0,0,0,0,0,0,0,0,0,0,0,0,0,0,0,0,0,0,0,0,0,0,0,0,0,0,0,0,0,0,0,0,0,0,0,0,0,0,0,0,0,0
0,0,100,0,0,70,0,0,70,70,50,70,90,50,60,70,0,0,0,0,0,0,0,0,0,0,0,0,0,0,0,0,0,0,0,0,0,0,0,0,0,0,0,0,0,0,0,0,0,0,0,0,0,0,0,0,0,0,0,0,0,0,0,0,0,0,0,0,0,0,0,0,0,0,0,0
0,0,100,0,0,70,0,0,70,60,50,80,90,60,60,70,0,0,0,0,0,0,0,0,0,0,0,0,0,0,0,0,0,0,0,0,0,0,0,0,0,0,0,0,0,0,0,0,0,0,0,0,0,0,0,0,0,0,0,0,0,0,0,0,0,0,0,0,0,0,0,0,0,0,0,0
0,0,100,0,0,80,0,0,70,60,50,80,90,60,60,70,0,0,0,0,0,0,0,0,0,0,0,0,0,0,0,0,0,0,0,0,0,0,0,0,0,0,0,0,0,0,0,0,0,0,0,0,0,0,0,0,0,0,0,0,0,0,0,0,0,0,0,0,0,0,0,0,0,0,0,0
0,0,100,0,0,80,0,0,70,70,50,80,90,50,60,70,0,0,0,0,0,0,0,0,0,0,0,0,0,0,0,0,0,0,0,0,0,0,0,0,0,0,0,0,0,0,0,0,0,0,0,0,0,0,0,0,0,0,0,0,0,0,0,0,0,0,0,0,0,0,0,0,0,0,0,0
0,0,100,0,0,80,0,0,70,60,50,80,90,60,60,70,0,0,0,0,0,0,0,0,0,0,0,0,0,0,0,0,0,0,0,0,0,0,0,0,0,0,0,0,0,0,0,0,0,0,0,0,0,0,0,0,0,0,0,0,0,0,0,0,0,0,0,0,0,0,0,0,0,0,0,0
0,0,100,0,0,80,0,0,70,60,50,80,90,60,60,70,0,0,0,0,0,0,0,0,0,0,0,0,0,0,0,0,0,0,0,0,0,0,0,0,0,0,0,0,0,0,0,0,0,0,0,0,0,0,0,0,0,0,0,0,0,0,0,0,0,0,0,0,0,0,0,0,0,0,0,0
0,0,100,0,0,80,0,0,70,70,50,80,90,60,60,70,0,0,0,0,0,0,0,0,0,0,0,0,0,0,0,0,0,0,0,0,0,0,0,0,0,0,0,0,0,0,0,0,0,0,0,0,0,0,0,0,0,0,0,0,0,0,0,0,0,0,0,0,0,0,0,0,0,0,0,0
0,0,100,0,0,80,0,0,70,70,50,80,70,60,60,70,0,0,0,0,0,0,0,0,0,0,0,0,0,0,0,0,0,0,0,0,0,0,0,0,0,0,0,0,0,0,0,0,0,0,0,0,0,0,0,0,0,0,0,0,0,0,0,0,0,0,0,0,0,0,0,0,0,0,0,0
0,0,100,0,0,80,0,0,70,70,60,80,90,70,60,70,0,0,0,0,0,0,0,0,0,0,0,0,0,0,0,0,0,0,0,0,0,0,0,0,0,0,0,0,0,0,0,0,0,0,0,0,0,0,0,0,0,0,0,0,0,0,0,0,0,0,0,0,0,0,0,0,0,0,0,0
0,0,100,0,0,80,0,0,70,70,60,60,80,60,60,70,0,0,0,0,0,0,0,0,0,0,0,0,0,0,0,0,0,0,0,0,0,0,0,0,0,0,0,0,0,0,0,0,0,0,0,0,0,0,0,0,0,0,0,0,0,0,0,0,0,0,0,0,0,0,0,0,0,0,0,0
0,0,100,0,0,80,0,0,70,70,60,90,80,60,60,70,0,0,0,0,0,0,0,0,0,0,0,0,0,0,0,0,0,0,0,0,0,0,0,0,0,0,0,0,0,0,0,0,0,0,0,0,0,0,0,0,0,0,0,0,0,0,0,0,0,0,0,0,0,0,0,0,0,0,0,0
0,0,100,0,0,80,0,0,70,70,60,90,80,70,60,70,0,0,0,0,0,0,0,0,0,0,0,0,0,0,0,0,0,0,0,0,0,0,0,0,0,0,0,0,0,0,0,0,0,0,0,0,0,0,0,0,0,0,0,0,0,0,0,0,0,0,0,0,0,0,0,0,0,0,0,0
0,0,100,0,0,80,0,0,70,70,60,80,80,90,60,70,0,0,0,0,0,0,0,0,0,0,0,0,0,0,0,0,0,0,0,0,0,0,0,0,0,0,0,0,0,0,0,0,0,0,0,0,0,0,0,0,0,0,0,0,0,0,0,0,0,0,0,0,0,0,0,0,0,0,0,0
0,0,100,0,0,80,0,0,70,70,60,80,90,90,60,70,0,0,0,0,0,0,0,0,0,0,0,0,0,0,0,0,0,0,0,0,0,0,0,0,0,0,0,0,0,0,0,0,0,0,0,0,0,0,0,0,0,0,0,0,0,0,0,0,0,0,0,0,0,0,0,0,0,0,0,0
0,0,100,0,0,80,0,0,70,70,60,90,90,90,60,70,0,0,0,0,0,0,0,0,0,0,0,0,0,0,0,0,0,0,0,0,0,0,0,0,0,0,0,0,0,0,0,0,0,0,0,0,0,0,0,0,0,0,0,0,0,0,0,0,0,0,0,0,0,0,0,0,0,0,0,0
0,0,0,0,0,80,0,0,70,70,60,80,90,90,60,80,0,0,0,0,0,0,0,0,0,0,0,0,0,0,0,0,0,0,0,0,0,0,0,0,0,0,0,0,0,0,0,0,0,0,0,0,0,0,0,0,0,0,0,0,0,0,0,0,0,0,0,0,0,0,0,0,0,0,0,0
0,0,0,0,0,80,0,0,70,70,60,90,0,90,60,70,0,0,0,0,0,0,0,0,0,0,0,0,0,0,0,0,0,0,0,0,0,0,0,0,0,0,0,0,0,0,0,0,0,0,0,0,0,0,0,0,0,0,0,0,0,0,0,0,0,0,0,0,0,0,0,0,0,0,0,0
0,0,0,0,0,80,0,0,70,70,60,90,0,90,60,80,0,0,0,0,0,0,0,0,0,0,0,0,0,0,0,0,0,0,0,0,0,0,0,0,0,0,0,0,0,0,0,0,0,0,0,0,0,0,0,0,0,0,0,0,0,0,0,0,0,0,0,0,0,0,0,0,0,0,0,0
0,0,0,0,0,80,0,0,70,70,60,90,0,90,60,80,0,0,0,0,0,0,0,0,0,0,0,0,0,0,0,0,0,0,0,0,0,0,0,0,0,0,0,0,0,0,0,0,0,0,0,0,0,0,0,0,0,0,0,0,0,0,0,0,0,0,0,0,0,0,0,0,0,0,0,0
0,0,0,0,0,80,0,0,70,70,60,90,0,90,60,80,0,0,0,0,0,0,0,0,0,0,0,0,0,0,0,0,0,0,0,0,0,0,0,0,0,0,0,0,0,0,0,0,0,0,0,0,0,0,0,0,0,0,0,0,0,0,0,0,0,0,0,0,0,0,0,0,0,0,0,0
0,0,0,0,0,80,0,0,70,70,60,90,0,90,60,80,0,0,0,0,0,0,0,0,0,0,0,0,0,0,0,0,0,0,0,0,0,0,0,0,0,0,0,0,0,0,0,0,0,0,0,0,0,0,0,0,0,0,0,0,0,0,0,0,0,0,0,0,0,0,0,0,0,0,0,0
0,0,0,0,0,90,0,0,70,70,60,90,0,90,60,70,0,0,0,0,0,0,0,0,0,0,0,0,0,0,0,0,0,0,0,0,0,0,0,0,0,0,0,0,0,0,0,0,0,0,0,0,0,0,0,0,0,0,0,0,0,0,0,0,0,0,0,0,0,0,0,0,0,0,0,0
0,0,0,0,0,90,0,0,70,70,60,90,0,100,60,80,0,0,0,0,0,0,0,0,0,0,0,0,0,0,0,0,0,0,0,0,0,0,0,0,0,0,0,0,0,0,0,0,0,0,0,0,0,0,0,0,0,0,0,0,0,0,0,0,0,0,0,0,0,0,0,0,0,0,0,0
0,0,0,0,0,90,0,0,70,70,60,90,0,100,60,80,0,0,0,0,0,0,0,0,0,0,0,0,0,0,0,0,0,0,0,0,0,0,0,0,0,0,0,0,0,0,0,0,0,0,0,0,0,0,0,0,0,0,0,0,0,0,0,0,0,0,0,0,0,0,0,0,0,0,0,0
0,0,0,0,0,90,0,0,70,70,60,90,0,100,60,80,0,0,0,0,0,0,0,0,0,0,0,0,0,0,0,0,0,0,0,0,0,0,0,0,0,0,0,0,0,0,0,0,0,0,0,0,0,0,0,0,0,0,0,0,0,0,0,0,0,0,0,0,0,0,0,0,0,0,0,0
0,0,0,0,0,90,0,0,70,70,60,80,0,100,60,80,0,0,0,0,0,0,0,0,0,0,0,0,0,0,0,0,0,0,0,0,0,0,0,0,0,0,0,0,0,0,0,0,0,0,0,0,0,0,0,0,0,0,0,0,0,0,0,0,0,0,0,0,0,0,0,0,0,0,0,0
0,0,0,0,0,90,0,0,70,70,60,80,0,100,60,80,0,0,0,0,0,0,0,0,0,0,0,0,0,0,0,0,0,0,0,0,0,0,0,0,0,0,0,0,0,0,0,0,0,0,0,0,0,0,0,0,0,0,0,0,0,0,0,0,0,0,0,0,0,0,0,0,0,0,0,0
0,0,0,0,0,90,0,0,70,80,60,90,0,100,60,80,0,0,0,0,0,0,0,0,0,0,0,0,0,0,0,0,0,0,0,0,0,0,0,0,0,0,0,0,0,0,0,0,0,0,0,0,0,0,0,0,0,0,0,0,0,0,0,0,0,0,0,0,0,0,0,0,0,0,0,0
0,0,0,0,0,90,0,0,70,80,60,90,0,100,60,80,0,0,0,0,0,0,0,0,0,0,0,0,0,0,0,0,0,0,0,0,0,0,0,0,0,0,0,0,0,0,0,0,0,0,0,0,0,0,0,0,0,0,0,0,0,0,0,0,0,0,0,0,0,0,0,0,0,0,0,0
0,0,0,0,0,90,0,0,70,80,60,90,0,100,60,80,0,0,0,0,0,0,0,0,0,0,0,0,0,0,0,0,0,0,0,0,0,0,0,0,0,0,0,0,0,0,0,0,0,0,0,0,0,0,0,0,0,0,0,0,0,0,0,0,0,0,0,0,0,0,0,0,0,0,0,0
0,0,0,0,0,90,0,0,80,80,60,90,0,100,60,80,0,0,0,0,0,0,0,0,0,0,0,0,0,0,0,0,0,0,0,0,0,0,0,0,0,0,0,0,0,0,0,0,0,0,0,0,0,0,0,0,0,0,0,0,0,0,0,0,0,0,0,0,0,0,0,0,0,0,0,0
0,0,0,0,0,90,0,0,80,80,60,90,0,100,60,80,0,0,0,0,0,0,0,0,0,0,0,0,0,0,0,0,0,0,0,0,0,0,0,0,0,0,0,0,0,0,0,0,0,0,0,0,0,0,0,0,0,0,0,0,0,0,0,0,0,0,0,0,0,0,0,0,0,0,0,0
0,0,0,0,0,90,0,0,80,80,60,90,0,100,60,70,0,0,0,0,0,0,0,0,0,0,0,0,0,0,0,0,0,0,0,0,0,0,0,0,0,0,0,0,0,0,0,0,0,0,0,0,0,0,0,0,0,0,0,0,0,0,0,0,0,0,0,0,0,0,0,0,0,0,0,0
0,0,0,0,0,90,0,0,80,80,60,70,0,100,60,70,0,0,0,0,0,0,0,0,0,0,0,0,0,0,0,0,0,0,0,0,0,0,0,0,0,0,0,0,0,0,0,0,0,0,0,0,0,0,0,0,0,0,0,0,0,0,0,0,0,0,0,0,0,0,0,0,0,0,0,0
0,0,0,0,0,90,0,0,80,80,60,90,0,100,60,50,0,0,0,0,0,0,0,0,0,0,0,0,0,0,0,0,0,0,0,0,0,0,0,0,0,0,0,0,0,0,0,0,0,0,0,0,0,0,0,0,0,0,0,0,0,0,0,0,0,0,0,0,0,0,0,0,0,0,0,0
0,0,0,0,0,90,0,0,80,80,60,90,0,100,60,70,0,0,0,0,0,0,0,0,0,0,0,0,0,0,0,0,0,0,0,0,0,0,0,0,0,0,0,0,0,0,0,0,0,0,0,0,0,0,0,0,0,0,0,0,0,0,0,0,0,0,0,0,0,0,0,0,0,0,0,0
0,0,0,0,0,90,0,0,80,80,60,90,0,50,60,50,0,0,0,0,0,0,0,0,0,0,0,0,0,0,0,0,0,0,0,0,0,0,0,0,0,0,0,0,0,0,0,0,0,0,0,0,0,0,0,0,0,0,0,0,0,0,0,0,0,0,0,0,0,0,0,0,0,0,0,0
0,0,0,0,0,90,0,0,80,80,70,80,0,60,60,60,0,0,0,0,0,0,0,0,0,0,0,0,0,0,0,0,0,0,0,0,0,0,0,0,0,0,0,0,0,0,0,0,0,0,0,0,0,0,0,0,0,0,0,0,0,0,0,0,0,0,0,0,0,0,0,0,0,0,0,0
0,0,0,0,0,90,0,0,80,80,70,100,0,60,60,0,0,0,0,0,0,0,0,0,0,0,0,0,0,0,0,0,0,0,0,0,0,0,0,0,0,0,0,0,0,0,0,0,0,0,0,0,0,0,0,0,0,0,0,0,0,0,0,0,0,0,0,0,0,0,0,0,0,0,0,0
0,0,0,0,0,100,0,0,80,80,70,90,0,70,60,0,0,0,0,0,0,0,0,0,0,0,0,0,0,0,0,0,0,0,0,0,0,0,0,0,0,0,0,0,0,0,0,0,0,0,0,0,0,0,0,0,0,0,0,0,0,0,0,0,0,0,0,0,0,0,0,0,0,0,0,0
0,0,0,0,0,100,0,0,80,80,70,90,0,80,60,0,0,0,0,0,0,0,0,0,0,0,0,0,0,0,0,0,0,0,0,0,0,0,0,0,0,0,0,0,0,0,0,0,0,0,0,0,0,0,0,0,0,0,0,0,0,0,0,0,0,0,0,0,0,0,0,0,0,0,0,0
0,0,0,0,0,100,0,0,80,80,70,100,0,80,60,0,0,0,0,0,0,0,0,0,0,0,0,0,0,0,0,0,0,0,0,0,0,0,0,0,0,0,0,0,0,0,0,0,0,0,0,0,0,0,0,0,0,0,0,0,0,0,0,0,0,0,0,0,0,0,0,0,0,0,0,0
0,0,0,0,0,100,0,0,80,80,70,100,0,70,60,0,0,0,0,0,0,0,0,0,0,0,0,0,0,0,0,0,0,0,0,0,0,0,0,0,0,0,0,0,0,0,0,0,0,0,0,0,0,0,0,0,0,0,0,0,0,0,0,0,0,0,0,0,0,0,0,0,0,0,0,0
0,0,0,0,0,100,0,0,80,80,70,100,0,80,60,0,0,0,0,0,0,0,0,0,0,0,0,0,0,0,0,0,0,0,0,0,0,0,0,0,0,0,0,0,0,0,0,0,0,0,0,0,0,0,0,0,0,0,0,0,0,0,0,0,0,0,0,0,0,0,0,0,0,0,0,0
0,0,0,0,0,100,0,0,80,80,70,100,0,90,60,0,0,0,0,0,0,0,0,0,0,0,0,0,0,0,0,0,0,0,0,0,0,0,0,0,0,0,0,0,0,0,0,0,0,0,0,0,0,0,0,0,0,0,0,0,0,0,0,0,0,0,0,0,0,0,0,0,0,0,0,0
0,0,0,0,0,100,0,0,80,80,70,100,0,90,60,0,0,0,0,0,0,0,0,0,0,0,0,0,0,0,0,0,0,0,0,0,0,0,0,0,0,0,0,0,0,0,0,0,0,0,0,0,0,0,0,0,0,0,0,0,0,0,0,0,0,0,0,0,0,0,0,0,0,0,0,0
0,0,0,0,0,100,0,0,80,80,70,100,0,90,60,0,0,0,0,0,0,0,0,0,0,0,0,0,0,0,0,0,0,0,0,0,0,0,0,0,0,0,0,0,0,0,0,0,0,0,0,0,0,0,0,0,0,0,0,0,0,0,0,0,0,0,0,0,0,0,0,0,0,0,0,0
0,0,0,0,0,100,0,0,80,90,70,100,0,60,70,0,0,0,0,0,0,0,0,0,0,0,0,0,0,0,0,0,0,0,0,0,0,0,0,0,0,0,0,0,0,0,0,0,0,0,0,0,0,0,0,0,0,0,0,0,0,0,0,0,0,0,0,0,0,0,0,0,0,0,0,0
0,0,0,0,0,100,0,0,80,90,70,80,0,60,70,0,0,0,0,0,0,0,0,0,0,0,0,0,0,0,0,0,0,0,0,0,0,0,0,0,0,0,0,0,0,0,0,0,0,0,0,0,0,0,0,0,0,0,0,0,0,0,0,0,0,0,0,0,0,0,0,0,0,0,0,0
0,0,0,0,0,100,0,0,80,90,70,80,0,100,70,0,0,0,0,0,0,0,0,0,0,0,0,0,0,0,0,0,0,0,0,0,0,0,0,0,0,0,0,0,0,0,0,0,0,0,0,0,0,0,0,0,0,0,0,0,0,0,0,0,0,0,0,0,0,0,0,0,0,0,0,0
0,0,0,0,0,100,0,0,80,90,70,100,0,100,70,0,0,0,0,0,0,0,0,0,0,0,0,0,0,0,0,0,0,0,0,0,0,0,0,0,0,0,0,0,0,0,0,0,0,0,0,0,0,0,0,0,0,0,0,0,0,0,0,0,0,0,0,0,0,0,0,0,0,0,0,0
0,0,0,0,0,100,0,0,80,90,70,100,0,90,70,0,0,0,0,0,0,0,0,0,0,0,0,0,0,0,0,0,0,0,0,0,0,0,0,0,0,0,0,0,0,0,0,0,0,0,0,0,0,0,0,0,0,0,0,0,0,0,0,0,0,0,0,0,0,0,0,0,0,0,0,0
0,0,0,0,0,100,0,0,80,90,70,100,0,90,70,0,0,0,0,0,0,0,0,0,0,0,0,0,0,0,0,0,0,0,0,0,0,0,0,0,0,0,0,0,0,0,0,0,0,0,0,0,0,0,0,0,0,0,0,0,0,0,0,0,0,0,0,0,0,0,0,0,0,0,0,0
0,0,0,0,0,100,0,0,80,90,70,100,0,90,70,0,0,0,0,0,0,0,0,0,0,0,0,0,0,0,0,0,0,0,0,0,0,0,0,0,0,0,0,0,0,0,0,0,0,0,0,0,0,0,0,0,0,0,0,0,0,0,0,0,0,0,0,0,0,0,0,0,0,0,0,0
0,0,0,0,0,100,0,0,80,90,70,100,0,90,70,0,0,0,0,0,0,0,0,0,0,0,0,0,0,0,0,0,0,0,0,0,0,0,0,0,0,0,0,0,0,0,0,0,0,0,0,0,0,0,0,0,0,0,0,0,0,0,0,0,0,0,0,0,0,0,0,0,0,0,0,0
0,0,0,0,0,100,0,0,80,90,70,100,0,90,70,0,0,0,0,0,0,0,0,0,0,0,0,0,0,0,0,0,0,0,0,0,0,0,0,0,0,0,0,0,0,0,0,0,0,0,0,0,0,0,0,0,0,0,0,0,0,0,0,0,0,0,0,0,0,0,0,0,0,0,0,0
0,0,0,0,0,100,0,0,80,90,70,100,0,70,70,0,0,0,0,0,0,0,0,0,0,0,0,0,0,0,0,0,0,0,0,0,0,0,0,0,0,0,0,0,0,0,0,0,0,0,0,0,0,0,0,0,0,0,0,0,0,0,0,0,0,0,0,0,0,0,0,0,0,0,0,0
0,0,0,0,0,100,0,0,80,90,70,100,0,70,70,0,0,0,0,0,0,0,0,0,0,0,0,0,0,0,0,0,0,0,0,0,0,0,0,0,0,0,0,0,0,0,0,0,0,0,0,0,0,0,0,0,0,0,0,0,0,0,0,0,0,0,0,0,0,0,0,0,0,0,0,0
0,0,0,0,0,100,0,0,80,90,70,100,0,60,70,0,0,0,0,0,0,0,0,0,0,0,0,0,0,0,0,0,0,0,0,0,0,0,0,0,0,0,0,0,0,0,0,0,0,0,0,0,0,0,0,0,0,0,0,0,0,0,0,0,0,0,0,0,0,0,0,0,0,0,0,0
0,0,0,0,0,100,0,0,80,100,70,100,0,90,70,0,0,0,0,0,0,0,0,0,0,0,0,0,0,0,0,0,0,0,0,0,0,0,0,0,0,0,0,0,0,0,0,0,0,0,0,0,0,0,0,0,0,0,0,0,0,0,0,0,0,0,0,0,0,0,0,0,0,0,0,0
0,0,0,0,0,100,0,0,80,100,70,100,0,100,70,0,0,0,0,0,0,0,0,0,0,0,0,0,0,0,0,0,0,0,0,0,0,0,0,0,0,0,0,0,0,0,0,0,0,0,0,0,0,0,0,0,0,0,0,0,0,0,0,0,0,0,0,0,0,0,0,0,0,0,0,0
0,0,0,0,0,100,0,0,80,100,70,100,0,100,70,0,0,0,0,0,0,0,0,0,0,0,0,0,0,0,0,0,0,0,0,0,0,0,0,0,0,0,0,0,0,0,0,0,0,0,0,0,0,0,0,0,0,0,0,0,0,0,0,0,0,0,0,0,0,0,0,0,0,0,0,0
0,0,0,0,0,100,0,0,80,100,70,0,0,100,70,0,0,0,0,0,0,0,0,0,0,0,0,0,0,0,0,0,0,0,0,0,0,0,0,0,0,0,0,0,0,0,0,0,0,0,0,0,0,0,0,0,0,0,0,0,0,0,0,0,0,0,0,0,0,0,0,0,0,0,0,0
0,0,0,0,0,100,0,0,80,100,70,0,0,100,70,0,0,0,0,0,0,0,0,0,0,0,0,0,0,0,0,0,0,0,0,0,0,0,0,0,0,0,0,0,0,0,0,0,0,0,0,0,0,0,0,0,0,0,0,0,0,0,0,0,0,0,0,0,0,0,0,0,0,0,0,0
0,0,0,0,0,0,0,0,80,100,70,0,0,100,70,0,0,0,0,0,0,0,0,0,0,0,0,0,0,0,0,0,0,0,0,0,0,0,0,0,0,0,0,0,0,0,0,0,0,0,0,0,0,0,0,0,0,0,0,0,0,0,0,0,0,0,0,0,0,0,0,0,0,0,0,0
0,0,0,0,0,0,0,0,90,100,70,0,0,90,70,0,0,0,0,0,0,0,0,0,0,0,0,0,0,0,0,0,0,0,0,0,0,0,0,0,0,0,0,0,0,0,0,0,0,0,0,0,0,0,0,0,0,0,0,0,0,0,0,0,0,0,0,0,0,0,0,0,0,0,0,0
0,0,0,0,0,0,0,0,90,100,70,0,0,80,70,0,0,0,0,0,0,0,0,0,0,0,0,0,0,0,0,0,0,0,0,0,0,0,0,0,0,0,0,0,0,0,0,0,0,0,0,0,0,0,0,0,0,0,0,0,0,0,0,0,0,0,0,0,0,0,0,0,0,0,0,0
0,0,0,0,0,0,0,0,90,100,80,0,0,90,70,0,0,0,0,0,0,0,0,0,0,0,0,0,0,0,0,0,0,0,0,0,0,0,0,0,0,0,0,0,0,0,0,0,0,0,0,0,0,0,0,0,0,0,0,0,0,0,0,0,0,0,0,0,0,0,0,0,0,0,0,0
0,0,0,0,0,0,0,0,90,100,80,0,0,80,70,0,0,0,0,0,0,0,0,0,0,0,0,0,0,0,0,0,0,0,0,0,0,0,0,0,0,0,0,0,0,0,0,0,0,0,0,0,0,0,0,0,0,0,0,0,0,0,0,0,0,0,0,0,0,0,0,0,0,0,0,0
0,0,0,0,0,0,0,0,90,100,80,0,0,100,70,0,0,0,0,0,0,0,0,0,0,0,0,0,0,0,0,0,0,0,0,0,0,0,0,0,0,0,0,0,0,0,0,0,0,0,0,0,0,0,0,0,0,0,0,0,0,0,0,0,0,0,0,0,0,0,0,0,0,0,0,0
0,0,0,0,0,0,0,0,90,100,80,0,0,80,70,0,0,0,0,0,0,0,0,0,0,0,0,0,0,0,0,0,0,0,0,0,0,0,0,0,0,0,0,0,0,0,0,0,0,0,0,0,0,0,0,0,0,0,0,0,0,0,0,0,0,0,0,0,0,0,0,0,0,0,0,0
0,0,0,0,0,0,0,0,90,100,80,0,0,90,70,0,0,0,0,0,0,0,0,0,0,0,0,0,0,0,0,0,0,0,0,0,0,0,0,0,0,0,0,0,0,0,0,0,0,0,0,0,0,0,0,0,0,0,0,0,0,0,0,0,0,0,0,0,0,0,0,0,0,0,0,0
0,0,0,0,0,0,0,0,90,100,80,0,0,90,70,0,0,0,0,0,0,0,0,0,0,0,0,0,0,0,0,0,0,0,0,0,0,0,0,0,0,0,0,0,0,0,0,0,0,0,0,0,0,0,0,0,0,0,0,0,0,0,0,0,0,0,0,0,0,0,0,0,0,0,0,0
0,0,0,0,0,0,0,0,90,100,80,0,0,60,70,0,0,0,0,0,0,0,0,0,0,0,0,0,0,0,0,0,0,0,0,0,0,0,0,0,0,0,0,0,0,0,0,0,0,0,0,0,0,0,0,0,0,0,0,0,0,0,0,0,0,0,0,0,0,0,0,0,0,0,0,0
0,0,0,0,0,0,0,0,90,100,80,0,0,60,70,0,0,0,0,0,0,0,0,0,0,0,0,0,0,0,0,0,0,0,0,0,0,0,0,0,0,0,0,0,0,0,0,0,0,0,0,0,0,0,0,0,0,0,0,0,0,0,0,0,0,0,0,0,0,0,0,0,0,0,0,0
0,0,0,0,0,0,0,0,90,100,80,0,0,60,70,0,0,0,0,0,0,0,0,0,0,0,0,0,0,0,0,0,0,0,0,0,0,0,0,0,0,0,0,0,0,0,0,0,0,0,0,0,0,0,0,0,0,0,0,0,0,0,0,0,0,0,0,0,0,0,0,0,0,0,0,0
0,0,0,0,0,0,0,0,90,100,80,0,0,60,70,0,0,0,0,0,0,0,0,0,0,0,0,0,0,0,0,0,0,0,0,0,0,0,0,0,0,0,0,0,0,0,0,0,0,0,0,0,0,0,0,0,0,0,0,0,0,0,0,0,0,0,0,0,0,0,0,0,0,0,0,0
0,0,0,0,0,0,0,0,90,100,80,0,0,60,70,0,0,0,0,0,0,0,0,0,0,0,0,0,0,0,0,0,0,0,0,0,0,0,0,0,0,0,0,0,0,0,0,0,0,0,0,0,0,0,0,0,0,0,0,0,0,0,0,0,0,0,0,0,0,0,0,0,0,0,0,0
0,0,0,0,0,0,0,0,90,100,80,0,0,60,70,0,0,0,0,0,0,0,0,0,0,0,0,0,0,0,0,0,0,0,0,0,0,0,0,0,0,0,0,0,0,0,0,0,0,0,0,0,0,0,0,0,0,0,0,0,0,0,0,0,0,0,0,0,0,0,0,0,0,0,0,0
0,0,0,0,0,0,0,0,90,0,80,0,0,70,70,0,0,0,0,0,0,0,0,0,0,0,0,0,0,0,0,0,0,0,0,0,0,0,0,0,0,0,0,0,0,0,0,0,0,0,0,0,0,0,0,0,0,0,0,0,0,0,0,0,0,0,0,0,0,0,0,0,0,0,0,0
0,0,0,0,0,0,0,0,90,0,80,0,0,80,70,0,0,0,0,0,0,0,0,0,0,0,0,0,0,0,0,0,0,0,0,0,0,0,0,0,0,0,0,0,0,0,0,0,0,0,0,0,0,0,0,0,0,0,0,0,0,0,0,0,0,0,0,0,0,0,0,0,0,0,0,0
0,0,0,0,0,0,0,0,90,0,80,0,0,20,70,0,0,0,0,0,0,0,0,0,0,0,0,0,0,0,0,0,0,0,0,0,0,0,0,0,0,0,0,0,0,0,0,0,0,0,0,0,0,0,0,0,0,0,0,0,0,0,0,0,0,0,0,0,0,0,0,0,0,0,0,0
0,0,0,0,0,0,0,0,90,0,80,0,0,30,70,0,0,0,0,0,0,0,0,0,0,0,0,0,0,0,0,0,0,0,0,0,0,0,0,0,0,0,0,0,0,0,0,0,0,0,0,0,0,0,0,0,0,0,0,0,0,0,0,0,0,0,0,0,0,0,0,0,0,0,0,0
0,0,0,0,0,0,0,0,90,0,80,0,0,70,70,0,0,0,0,0,0,0,0,0,0,0,0,0,0,0,0,0,0,0,0,0,0,0,0,0,0,0,0,0,0,0,0,0,0,0,0,0,0,0,0,0,0,0,0,0,0,0,0,0,0,0,0,0,0,0,0,0,0,0,0,0
0,0,0,0,0,0,0,0,90,0,80,0,0,80,70,0,0,0,0,0,0,0,0,0,0,0,0,0,0,0,0,0,0,0,0,0,0,0,0,0,0,0,0,0,0,0,0,0,0,0,0,0,0,0,0,0,0,0,0,0,0,0,0,0,0,0,0,0,0,0,0,0,0,0,0,0
0,0,0,0,0,0,0,0,90,0,80,0,0,70,70,0,0,0,0,0,0,0,0,0,0,0,0,0,0,0,0,0,0,0,0,0,0,0,0,0,0,0,0,0,0,0,0,0,0,0,0,0,0,0,0,0,0,0,0,0,0,0,0,0,0,0,0,0,0,0,0,0,0,0,0,0
0,0,0,0,0,0,0,0,90,0,80,0,0,70,70,0,0,0,0,0,0,0,0,0,0,0,0,0,0,0,0,0,0,0,0,0,0,0,0,0,0,0,0,0,0,0,0,0,0,0,0,0,0,0,0,0,0,0,0,0,0,0,0,0,0,0,0,0,0,0,0,0,0,0,0,0
0,0,0,0,0,0,0,0,90,0,80,0,0,70,70,0,0,0,0,0,0,0,0,0,0,0,0,0,0,0,0,0,0,0,0,0,0,0,0,0,0,0,0,0,0,0,0,0,0,0,0,0,0,0,0,0,0,0,0,0,0,0,0,0,0,0,0,0,0,0,0,0,0,0,0,0
0,0,0,0,0,0,0,0,90,0,80,0,0,70,70,0,0,0,0,0,0,0,0,0,0,0,0,0,0,0,0,0,0,0,0,0,0,0,0,0,0,0,0,0,0,0,0,0,0,0,0,0,0,0,0,0,0,0,0,0,0,0,0,0,0,0,0,0,0,0,0,0,0,0,0,0
0,0,0,0,0,0,0,0,90,0,80,0,0,70,70,0,0,0,0,0,0,0,0,0,0,0,0,0,0,0,0,0,0,0,0,0,0,0,0,0,0,0,0,0,0,0,0,0,0,0,0,0,0,0,0,0,0,0,0,0,0,0,0,0,0,0,0,0,0,0,0,0,0,0,0,0
0,0,0,0,0,0,0,0,90,0,80,0,0,70,70,0,0,0,0,0,0,0,0,0,0,0,0,0,0,0,0,0,0,0,0,0,0,0,0,0,0,0,0,0,0,0,0,0,0,0,0,0,0,0,0,0,0,0,0,0,0,0,0,0,0,0,0,0,0,0,0,0,0,0,0,0
0,0,0,0,0,0,0,0,100,0,80,0,0,70,70,0,0,0,0,0,0,0,0,0,0,0,0,0,0,0,0,0,0,0,0,0,0,0,0,0,0,0,0,0,0,0,0,0,0,0,0,0,0,0,0,0,0,0,0,0,0,0,0,0,0,0,0,0,0,0,0,0,0,0,0,0
0,0,0,0,0,0,0,0,100,0,80,0,0,80,80,0,0,0,0,0,0,0,0,0,0,0,0,0,0,0,0,0,0,0,0,0,0,0,0,0,0,0,0,0,0,0,0,0,0,0,0,0,0,0,0,0,0,0,0,0,0,0,0,0,0,0,0,0,0,0,0,0,0,0,0,0
0,0,0,0,0,0,0,0,100,0,80,0,0,80,80,0,0,0,0,0,0,0,0,0,0,0,0,0,0,0,0,0,0,0,0,0,0,0,0,0,0,0,0,0,0,0,0,0,0,0,0,0,0,0,0,0,0,0,0,0,0,0,0,0,0,0,0,0,0,0,0,0,0,0,0,0
0,0,0,0,0,0,0,0,100,0,80,0,0,70,80,0,0,0,0,0,0,0,0,0,0,0,0,0,0,0,0,0,0,0,0,0,0,0,0,0,0,0,0,0,0,0,0,0,0,0,0,0,0,0,0,0,0,0,0,0,0,0,0,0,0,0,0,0,0,0,0,0,0,0,0,0
0,0,0,0,0,0,0,0,100,0,80,0,0,80,80,0,0,0,0,0,0,0,0,0,0,0,0,0,0,0,0,0,0,0,0,0,0,0,0,0,0,0,0,0,0,0,0,0,0,0,0,0,0,0,0,0,0,0,0,0,0,0,0,0,0,0,0,0,0,0,0,0,0,0,0,0
0,0,0,0,0,0,0,0,100,0,80,0,0,80,80,0,0,0,0,0,0,0,0,0,0,0,0,0,0,0,0,0,0,0,0,0,0,0,0,0,0,0,0,0,0,0,0,0,0,0,0,0,0,0,0,0,0,0,0,0,0,0,0,0,0,0,0,0,0,0,0,0,0,0,0,0
0,0,0,0,0,0,0,0,100,0,80,0,0,80,80,0,0,0,0,0,0,0,0,0,0,0,0,0,0,0,0,0,0,0,0,0,0,0,0,0,0,0,0,0,0,0,0,0,0,0,0,0,0,0,0,0,0,0,0,0,0,0,0,0,0,0,0,0,0,0,0,0,0,0,0,0
0,0,0,0,0,0,0,0,100,0,80,0,0,60,80,0,0,0,0,0,0,0,0,0,0,0,0,0,0,0,0,0,0,0,0,0,0,0,0,0,0,0,0,0,0,0,0,0,0,0,0,0,0,0,0,0,0,0,0,0,0,0,0,0,0,0,0,0,0,0,0,0,0,0,0,0
0,0,0,0,0,0,0,0,100,0,80,0,0,80,80,0,0,0,0,0,0,0,0,0,0,0,0,0,0,0,0,0,0,0,0,0,0,0,0,0,0,0,0,0,0,0,0,0,0,0,0,0,0,0,0,0,0,0,0,0,0,0,0,0,0,0,0,0,0,0,0,0,0,0,0,0
0,0,0,0,0,0,0,0,100,0,90,0,0,80,80,0,0,0,0,0,0,0,0,0,0,0,0,0,0,0,0,0,0,0,0,0,0,0,0,0,0,0,0,0,0,0,0,0,0,0,0,0,0,0,0,0,0,0,0,0,0,0,0,0,0,0,0,0,0,0,0,0,0,0,0,0
0,0,0,0,0,0,0,0,100,0,90,0,0,40,80,0,0,0,0,0,0,0,0,0,0,0,0,0,0,0,0,0,0,0,0,0,0,0,0,0,0,0,0,0,0,0,0,0,0,0,0,0,0,0,0,0,0,0,0,0,0,0,0,0,0,0,0,0,0,0,0,0,0,0,0,0
0,0,0,0,0,0,0,0,100,0,90,0,0,80,80,0,0,0,0,0,0,0,0,0,0,0,0,0,0,0,0,0,0,0,0,0,0,0,0,0,0,0,0,0,0,0,0,0,0,0,0,0,0,0,0,0,0,0,0,0,0,0,0,0,0,0,0,0,0,0,0,0,0,0,0,0
0,0,0,0,0,0,0,0,100,0,90,0,0,70,80,0,0,0,0,0,0,0,0,0,0,0,0,0,0,0,0,0,0,0,0,0,0,0,0,0,0,0,0,0,0,0,0,0,0,0,0,0,0,0,0,0,0,0,0,0,0,0,0,0,0,0,0,0,0,0,0,0,0,0,0,0
0,0,0,0,0,0,0,0,100,0,90,0,0,80,80,0,0,0,0,0,0,0,0,0,0,0,0,0,0,0,0,0,0,0,0,0,0,0,0,0,0,0,0,0,0,0,0,0,0,0,0,0,0,0,0,0,0,0,0,0,0,0,0,0,0,0,0,0,0,0,0,0,0,0,0,0
0,0,0,0,0,0,0,0,100,0,90,0,0,80,80,0,0,0,0,0,0,0,0,0,0,0,0,0,0,0,0,0,0,0,0,0,0,0,0,0,0,0,0,0,0,0,0,0,0,0,0,0,0,0,0,0,0,0,0,0,0,0,0,0,0,0,0,0,0,0,0,0,0,0,0,0
0,0,0,0,0,0,0,0,100,0,90,0,0,80,80,0,0,0,0,0,0,0,0,0,0,0,0,0,0,0,0,0,0,0,0,0,0,0,0,0,0,0,0,0,0,0,0,0,0,0,0,0,0,0,0,0,0,0,0,0,0,0,0,0,0,0,0,0,0,0,0,0,0,0,0,0
0,0,0,0,0,0,0,0,100,0,90,0,0,70,80,0,0,0,0,0,0,0,0,0,0,0,0,0,0,0,0,0,0,0,0,0,0,0,0,0,0,0,0,0,0,0,0,0,0,0,0,0,0,0,0,0,0,0,0,0,0,0,0,0,0,0,0,0,0,0,0,0,0,0,0,0
0,0,0,0,0,0,0,0,100,0,90,0,0,80,80,0,0,0,0,0,0,0,0,0,0,0,0,0,0,0,0,0,0,0,0,0,0,0,0,0,0,0,0,0,0,0,0,0,0,0,0,0,0,0,0,0,0,0,0,0,0,0,0,0,0,0,0,0,0,0,0,0,0,0,0,0
0,0,0,0,0,0,0,0,100,0,90,0,0,100,80,0,0,0,0,0,0,0,0,0,0,0,0,0,0,0,0,0,0,0,0,0,0,0,0,0,0,0,0,0,0,0,0,0,0,0,0,0,0,0,0,0,0,0,0,0,0,0,0,0,0,0,0,0,0,0,0,0,0,0,0,0
0,0,0,0,0,0,0,0,100,0,90,0,0,90,80,0,0,0,0,0,0,0,0,0,0,0,0,0,0,0,0,0,0,0,0,0,0,0,0,0,0,0,0,0,0,0,0,0,0,0,0,0,0,0,0,0,0,0,0,0,0,0,0,0,0,0,0,0,0,0,0,0,0,0,0,0
0,0,0,0,0,0,0,0,100,0,90,0,0,90,80,0,0,0,0,0,0,0,0,0,0,0,0,0,0,0,0,0,0,0,0,0,0,0,0,0,0,0,0,0,0,0,0,0,0,0,0,0,0,0,0,0,0,0,0,0,0,0,0,0,0,0,0,0,0,0,0,0,0,0,0,0
0,0,0,0,0,0,0,0,100,0,90,0,0,90,80,0,0,0,0,0,0,0,0,0,0,0,0,0,0,0,0,0,0,0,0,0,0,0,0,0,0,0,0,0,0,0,0,0,0,0,0,0,0,0,0,0,0,0,0,0,0,0,0,0,0,0,0,0,0,0,0,0,0,0,0,0
0,0,0,0,0,0,0,0,100,0,90,0,0,80,80,0,0,0,0,0,0,0,0,0,0,0,0,0,0,0,0,0,0,0,0,0,0,0,0,0,0,0,0,0,0,0,0,0,0,0,0,0,0,0,0,0,0,0,0,0,0,0,0,0,0,0,0,0,0,0,0,0,0,0,0,0
0,0,0,0,0,0,0,0,100,0,90,0,0,70,80,0,0,0,0,0,0,0,0,0,0,0,0,0,0,0,0,0,0,0,0,0,0,0,0,0,0,0,0,0,0,0,0,0,0,0,0,0,0,0,0,0,0,0,0,0,0,0,0,0,0,0,0,0,0,0,0,0,0,0,0,0
0,0,0,0,0,0,0,0,100,0,90,0,0,30,80,0,0,0,0,0,0,0,0,0,0,0,0,0,0,0,0,0,0,0,0,0,0,0,0,0,0,0,0,0,0,0,0,0,0,0,0,0,0,0,0,0,0,0,0,0,0,0,0,0,0,0,0,0,0,0,0,0,0,0,0,0
0,0,0,0,0,0,0,0,100,0,90,0,0,0,80,0,0,0,0,0,0,0,0,0,0,0,0,0,0,0,0,0,0,0,0,0,0,0,0,0,0,0,0,0,0,0,0,0,0,0,0,0,0,0,0,0,0,0,0,0,0,0,0,0,0,0,0,0,0,0,0,0,0,0,0,0
0,0,0,0,0,0,0,0,0,0,90,0,0,0,80,0,0,0,0,0,0,0,0,0,0,0,0,0,0,0,0,0,0,0,0,0,0,0,0,0,0,0,0,0,0,0,0,0,0,0,0,0,0,0,0,0,0,0,0,0,0,0,0,0,0,0,0,0,0,0,0,0,0,0,0,0
0,0,0,0,0,0,0,0,0,0,90,0,0,0,80,0,0,0,0,0,0,0,0,0,0,0,0,0,0,0,0,0,0,0,0,0,0,0,0,0,0,0,0,0,0,0,0,0,0,0,0,0,0,0,0,0,0,0,0,0,0,0,0,0,0,0,0,0,0,0,0,0,0,0,0,0
0,0,0,0,0,0,0,0,0,0,90,0,0,0,80,0,0,0,0,0,0,0,0,0,0,0,0,0,0,0,0,0,0,0,0,0,0,0,0,0,0,0,0,0,0,0,0,0,0,0,0,0,0,0,0,0,0,0,0,0,0,0,0,0,0,0,0,0,0,0,0,0,0,0,0,0
0,0,0,0,0,0,0,0,0,0,90,0,0,0,80,0,0,0,0,0,0,0,0,0,0,0,0,0,0,0,0,0,0,0,0,0,0,0,0,0,0,0,0,0,0,0,0,0,0,0,0,0,0,0,0,0,0,0,0,0,0,0,0,0,0,0,0,0,0,0,0,0,0,0,0,0
0,0,0,0,0,0,0,0,0,0,90,0,0,0,80,0,0,0,0,0,0,0,0,0,0,0,0,0,0,0,0,0,0,0,0,0,0,0,0,0,0,0,0,0,0,0,0,0,0,0,0,0,0,0,0,0,0,0,0,0,0,0,0,0,0,0,0,0,0,0,0,0,0,0,0,0
0,0,0,0,0,0,0,0,0,0,90,0,0,0,80,0,0,0,0,0,0,0,0,0,0,0,0,0,0,0,0,0,0,0,0,0,0,0,0,0,0,0,0,0,0,0,0,0,0,0,0,0,0,0,0,0,0,0,0,0,0,0,0,0,0,0,0,0,0,0,0,0,0,0,0,0
0,0,0,0,0,0,0,0,0,0,90,0,0,0,80,0,0,0,0,0,0,0,0,0,0,0,0,0,0,0,0,0,0,0,0,0,0,0,0,0,0,0,0,0,0,0,0,0,0,0,0,0,0,0,0,0,0,0,0,0,0,0,0,0,0,0,0,0,0,0,0,0,0,0,0,0
0,0,0,0,0,0,0,0,0,0,90,0,0,0,80,0,0,0,0,0,0,0,0,0,0,0,0,0,0,0,0,0,0,0,0,0,0,0,0,0,0,0,0,0,0,0,0,0,0,0,0,0,0,0,0,0,0,0,0,0,0,0,0,0,0,0,0,0,0,0,0,0,0,0,0,0
0,0,0,0,0,0,0,0,0,0,90,0,0,0,80,0,0,0,0,0,0,0,0,0,0,0,0,0,0,0,0,0,0,0,0,0,0,0,0,0,0,0,0,0,0,0,0,0,0,0,0,0,0,0,0,0,0,0,0,0,0,0,0,0,0,0,0,0,0,0,0,0,0,0,0,0
0,0,0,0,0,0,0,0,0,0,90,0,0,0,80,0,0,0,0,0,0,0,0,0,0,0,0,0,0,0,0,0,0,0,0,0,0,0,0,0,0,0,0,0,0,0,0,0,0,0,0,0,0,0,0,0,0,0,0,0,0,0,0,0,0,0,0,0,0,0,0,0,0,0,0,0
0,0,0,0,0,0,0,0,0,0,90,0,0,0,80,0,0,0,0,0,0,0,0,0,0,0,0,0,0,0,0,0,0,0,0,0,0,0,0,0,0,0,0,0,0,0,0,0,0,0,0,0,0,0,0,0,0,0,0,0,0,0,0,0,0,0,0,0,0,0,0,0,0,0,0,0
0,0,0,0,0,0,0,0,0,0,90,0,0,0,90,0,0,0,0,0,0,0,0,0,0,0,0,0,0,0,0,0,0,0,0,0,0,0,0,0,0,0,0,0,0,0,0,0,0,0,0,0,0,0,0,0,0,0,0,0,0,0,0,0,0,0,0,0,0,0,0,0,0,0,0,0
0,0,0,0,0,0,0,0,0,0,100,0,0,0,90,0,0,0,0,0,0,0,0,0,0,0,0,0,0,0,0,0,0,0,0,0,0,0,0,0,0,0,0,0,0,0,0,0,0,0,0,0,0,0,0,0,0,0,0,0,0,0,0,0,0,0,0,0,0,0,0,0,0,0,0,0
0,0,0,0,0,0,0,0,0,0,100,0,0,0,90,0,0,0,0,0,0,0,0,0,0,0,0,0,0,0,0,0,0,0,0,0,0,0,0,0,0,0,0,0,0,0,0,0,0,0,0,0,0,0,0,0,0,0,0,0,0,0,0,0,0,0,0,0,0,0,0,0,0,0,0,0
0,0,0,0,0,0,0,0,0,0,100,0,0,0,90,0,0,0,0,0,0,0,0,0,0,0,0,0,0,0,0,0,0,0,0,0,0,0,0,0,0,0,0,0,0,0,0,0,0,0,0,0,0,0,0,0,0,0,0,0,0,0,0,0,0,0,0,0,0,0,0,0,0,0,0,0
0,0,0,0,0,0,0,0,0,0,100,0,0,0,90,0,0,0,0,0,0,0,0,0,0,0,0,0,0,0,0,0,0,0,0,0,0,0,0,0,0,0,0,0,0,0,0,0,0,0,0,0,0,0,0,0,0,0,0,0,0,0,0,0,0,0,0,0,0,0,0,0,0,0,0,0
0,0,0,0,0,0,0,0,0,0,100,0,0,0,90,0,0,0,0,0,0,0,0,0,0,0,0,0,0,0,0,0,0,0,0,0,0,0,0,0,0,0,0,0,0,0,0,0,0,0,0,0,0,0,0,0,0,0,0,0,0,0,0,0,0,0,0,0,0,0,0,0,0,0,0,0
0,0,0,0,0,0,0,0,0,0,100,0,0,0,90,0,0,0,0,0,0,0,0,0,0,0,0,0,0,0,0,0,0,0,0,0,0,0,0,0,0,0,0,0,0,0,0,0,0,0,0,0,0,0,0,0,0,0,0,0,0,0,0,0,0,0,0,0,0,0,0,0,0,0,0,0
0,0,0,0,0,0,0,0,0,0,100,0,0,0,90,0,0,0,0,0,0,0,0,0,0,0,0,0,0,0,0,0,0,0,0,0,0,0,0,0,0,0,0,0,0,0,0,0,0,0,0,0,0,0,0,0,0,0,0,0,0,0,0,0,0,0,0,0,0,0,0,0,0,0,0,0
0,0,0,0,0,0,0,0,0,0,100,0,0,0,90,0,0,0,0,0,0,0,0,0,0,0,0,0,0,0,0,0,0,0,0,0,0,0,0,0,0,0,0,0,0,0,0,0,0,0,0,0,0,0,0,0,0,0,0,0,0,0,0,0,0,0,0,0,0,0,0,0,0,0,0,0
0,0,0,0,0,0,0,0,0,0,100,0,0,0,90,0,0,0,0,0,0,0,0,0,0,0,0,0,0,0,0,0,0,0,0,0,0,0,0,0,0,0,0,0,0,0,0,0,0,0,0,0,0,0,0,0,0,0,0,0,0,0,0,0,0,0,0,0,0,0,0,0,0,0,0,0
0,0,0,0,0,0,0,0,0,0,100,0,0,0,90,0,0,0,0,0,0,0,0,0,0,0,0,0,0,0,0,0,0,0,0,0,0,0,0,0,0,0,0,0,0,0,0,0,0,0,0,0,0,0,0,0,0,0,0,0,0,0,0,0,0,0,0,0,0,0,0,0,0,0,0,0
0,0,0,0,0,0,0,0,0,0,100,0,0,0,90,0,0,0,0,0,0,0,0,0,0,0,0,0,0,0,0,0,0,0,0,0,0,0,0,0,0,0,0,0,0,0,0,0,0,0,0,0,0,0,0,0,0,0,0,0,0,0,0,0,0,0,0,0,0,0,0,0,0,0,0,0
0,0,0,0,0,0,0,0,0,0,100,0,0,0,90,0,0,0,0,0,0,0,0,0,0,0,0,0,0,0,0,0,0,0,0,0,0,0,0,0,0,0,0,0,0,0,0,0,0,0,0,0,0,0,0,0,0,0,0,0,0,0,0,0,0,0,0,0,0,0,0,0,0,0,0,0
0,0,0,0,0,0,0,0,0,0,100,0,0,0,90,0,0,0,0,0,0,0,0,0,0,0,0,0,0,0,0,0,0,0,0,0,0,0,0,0,0,0,0,0,0,0,0,0,0,0,0,0,0,0,0,0,0,0,0,0,0,0,0,0,0,0,0,0,0,0,0,0,0,0,0,0
0,0,0,0,0,0,0,0,0,0,100,0,0,0,90,0,0,0,0,0,0,0,0,0,0,0,0,0,0,0,0,0,0,0,0,0,0,0,0,0,0,0,0,0,0,0,0,0,0,0,0,0,0,0,0,0,0,0,0,0,0,0,0,0,0,0,0,0,0,0,0,0,0,0,0,0
0,0,0,0,0,0,0,0,0,0,100,0,0,0,90,0,0,0,0,0,0,0,0,0,0,0,0,0,0,0,0,0,0,0,0,0,0,0,0,0,0,0,0,0,0,0,0,0,0,0,0,0,0,0,0,0,0,0,0,0,0,0,0,0,0,0,0,0,0,0,0,0,0,0,0,0
0,0,0,0,0,0,0,0,0,0,100,0,0,0,90,0,0,0,0,0,0,0,0,0,0,0,0,0,0,0,0,0,0,0,0,0,0,0,0,0,0,0,0,0,0,0,0,0,0,0,0,0,0,0,0,0,0,0,0,0,0,0,0,0,0,0,0,0,0,0,0,0,0,0,0,0
0,0,0,0,0,0,0,0,0,0,100,0,0,0,90,0,0,0,0,0,0,0,0,0,0,0,0,0,0,0,0,0,0,0,0,0,0,0,0,0,0,0,0,0,0,0,0,0,0,0,0,0,0,0,0,0,0,0,0,0,0,0,0,0,0,0,0,0,0,0,0,0,0,0,0,0
0,0,0,0,0,0,0,0,0,0,100,0,0,0,90,0,0,0,0,0,0,0,0,0,0,0,0,0,0,0,0,0,0,0,0,0,0,0,0,0,0,0,0,0,0,0,0,0,0,0,0,0,0,0,0,0,0,0,0,0,0,0,0,0,0,0,0,0,0,0,0,0,0,0,0,0
0,0,0,0,0,0,0,0,0,0,0,0,0,0,90,0,0,0,0,0,0,0,0,0,0,0,0,0,0,0,0,0,0,0,0,0,0,0,0,0,0,0,0,0,0,0,0,0,0,0,0,0,0,0,0,0,0,0,0,0,0,0,0,0,0,0,0,0,0,0,0,0,0,0,0,0
0,0,0,0,0,0,0,0,0,0,0,0,0,0,90,0,0,0,0,0,0,0,0,0,0,0,0,0,0,0,0,0,0,0,0,0,0,0,0,0,0,0,0,0,0,0,0,0,0,0,0,0,0,0,0,0,0,0,0,0,0,0,0,0,0,0,0,0,0,0,0,0,0,0,0,0
0,0,0,0,0,0,0,0,0,0,0,0,0,0,90,0,0,0,0,0,0,0,0,0,0,0,0,0,0,0,0,0,0,0,0,0,0,0,0,0,0,0,0,0,0,0,0,0,0,0,0,0,0,0,0,0,0,0,0,0,0,0,0,0,0,0,0,0,0,0,0,0,0,0,0,0
0,0,0,0,0,0,0,0,0,0,0,0,0,0,90,0,0,0,0,0,0,0,0,0,0,0,0,0,0,0,0,0,0,0,0,0,0,0,0,0,0,0,0,0,0,0,0,0,0,0,0,0,0,0,0,0,0,0,0,0,0,0,0,0,0,0,0,0,0,0,0,0,0,0,0,0
0,0,0,0,0,0,0,0,0,0,0,0,0,0,90,0,0,0,0,0,0,0,0,0,0,0,0,0,0,0,0,0,0,0,0,0,0,0,0,0,0,0,0,0,0,0,0,0,0,0,0,0,0,0,0,0,0,0,0,0,0,0,0,0,0,0,0,0,0,0,0,0,0,0,0,0
0,0,0,0,0,0,0,0,0,0,0,0,0,0,90,0,0,0,0,0,0,0,0,0,0,0,0,0,0,0,0,0,0,0,0,0,0,0,0,0,0,0,0,0,0,0,0,0,0,0,0,0,0,0,0,0,0,0,0,0,0,0,0,0,0,0,0,0,0,0,0,0,0,0,0,0
0,0,0,0,0,0,0,0,0,0,0,0,0,0,90,0,0,0,0,0,0,0,0,0,0,0,0,0,0,0,0,0,0,0,0,0,0,0,0,0,0,0,0,0,0,0,0,0,0,0,0,0,0,0,0,0,0,0,0,0,0,0,0,0,0,0,0,0,0,0,0,0,0,0,0,0
0,0,0,0,0,0,0,0,0,0,0,0,0,0,90,0,0,0,0,0,0,0,0,0,0,0,0,0,0,0,0,0,0,0,0,0,0,0,0,0,0,0,0,0,0,0,0,0,0,0,0,0,0,0,0,0,0,0,0,0,0,0,0,0,0,0,0,0,0,0,0,0,0,0,0,0
0,0,0,0,0,0,0,0,0,0,0,0,0,0,90,0,0,0,0,0,0,0,0,0,0,0,0,0,0,0,0,0,0,0,0,0,0,0,0,0,0,0,0,0,0,0,0,0,0,0,0,0,0,0,0,0,0,0,0,0,0,0,0,0,0,0,0,0,0,0,0,0,0,0,0,0
0,0,0,0,0,0,0,0,0,0,0,0,0,0,90,0,0,0,0,0,0,0,0,0,0,0,0,0,0,0,0,0,0,0,0,0,0,0,0,0,0,0,0,0,0,0,0,0,0,0,0,0,0,0,0,0,0,0,0,0,0,0,0,0,0,0,0,0,0,0,0,0,0,0,0,0
0,0,0,0,0,0,0,0,0,0,0,0,0,0,90,0,0,0,0,0,0,0,0,0,0,0,0,0,0,0,0,0,0,0,0,0,0,0,0,0,0,0,0,0,0,0,0,0,0,0,0,0,0,0,0,0,0,0,0,0,0,0,0,0,0,0,0,0,0,0,0,0,0,0,0,0
0,0,0,0,0,0,0,0,0,0,0,0,0,0,90,0,0,0,0,0,0,0,0,0,0,0,0,0,0,0,0,0,0,0,0,0,0,0,0,0,0,0,0,0,0,0,0,0,0,0,0,0,0,0,0,0,0,0,0,0,0,0,0,0,0,0,0,0,0,0,0,0,0,0,0,0
0,0,0,0,0,0,0,0,0,0,0,0,0,0,90,0,0,0,0,0,0,0,0,0,0,0,0,0,0,0,0,0,0,0,0,0,0,0,0,0,0,0,0,0,0,0,0,0,0,0,0,0,0,0,0,0,0,0,0,0,0,0,0,0,0,0,0,0,0,0,0,0,0,0,0,0
0,0,0,0,0,0,0,0,0,0,0,0,0,0,90,0,0,0,0,0,0,0,0,0,0,0,0,0,0,0,0,0,0,0,0,0,0,0,0,0,0,0,0,0,0,0,0,0,0,0,0,0,0,0,0,0,0,0,0,0,0,0,0,0,0,0,0,0,0,0,0,0,0,0,0,0
0,0,0,0,0,0,0,0,0,0,0,0,0,0,90,0,0,0,0,0,0,0,0,0,0,0,0,0,0,0,0,0,0,0,0,0,0,0,0,0,0,0,0,0,0,0,0,0,0,0,0,0,0,0,0,0,0,0,0,0,0,0,0,0,0,0,0,0,0,0,0,0,0,0,0,0
0,0,0,0,0,0,0,0,0,0,0,0,0,0,90,0,0,0,0,0,0,0,0,0,0,0,0,0,0,0,0,0,0,0,0,0,0,0,0,0,0,0,0,0,0,0,0,0,0,0,0,0,0,0,0,0,0,0,0,0,0,0,0,0,0,0,0,0,0,0,0,0,0,0,0,0
0,0,0,0,0,0,0,0,0,0,0,0,0,0,90,0,0,0,0,0,0,0,0,0,0,0,0,0,0,0,0,0,0,0,0,0,0,0,0,0,0,0,0,0,0,0,0,0,0,0,0,0,0,0,0,0,0,0,0,0,0,0,0,0,0,0,0,0,0,0,0,0,0,0,0,0
0,0,0,0,0,0,0,0,0,0,0,0,0,0,90,0,0,0,0,0,0,0,0,0,0,0,0,0,0,0,0,0,0,0,0,0,0,0,0,0,0,0,0,0,0,0,0,0,0,0,0,0,0,0,0,0,0,0,0,0,0,0,0,0,0,0,0,0,0,0,0,0,0,0,0,0
0,0,0,0,0,0,0,0,0,0,0,0,0,0,90,0,0,0,0,0,0,0,0,0,0,0,0,0,0,0,0,0,0,0,0,0,0,0,0,0,0,0,0,0,0,0,0,0,0,0,0,0,0,0,0,0,0,0,0,0,0,0,0,0,0,0,0,0,0,0,0,0,0,0,0,0
0,0,0,0,0,0,0,0,0,0,0,0,0,0,90,0,0,0,0,0,0,0,0,0,0,0,0,0,0,0,0,0,0,0,0,0,0,0,0,0,0,0,0,0,0,0,0,0,0,0,0,0,0,0,0,0,0,0,0,0,0,0,0,0,0,0,0,0,0,0,0,0,0,0,0,0
0,0,0,0,0,0,0,0,0,0,0,0,0,0,90,0,0,0,0,0,0,0,0,0,0,0,0,0,0,0,0,0,0,0,0,0,0,0,0,0,0,0,0,0,0,0,0,0,0,0,0,0,0,0,0,0,0,0,0,0,0,0,0,0,0,0,0,0,0,0,0,0,0,0,0,0
0,0,0,0,0,0,0,0,0,0,0,0,0,0,100,0,0,0,0,0,0,0,0,0,0,0,0,0,0,0,0,0,0,0,0,0,0,0,0,0,0,0,0,0,0,0,0,0,0,0,0,0,0,0,0,0,0,0,0,0,0,0,0,0,0,0,0,0,0,0,0,0,0,0,0,0
0,0,0,0,0,0,0,0,0,0,0,0,0,0,100,0,0,0,0,0,0,0,0,0,0,0,0,0,0,0,0,0,0,0,0,0,0,0,0,0,0,0,0,0,0,0,0,0,0,0,0,0,0,0,0,0,0,0,0,0,0,0,0,0,0,0,0,0,0,0,0,0,0,0,0,0
0,0,0,0,0,0,0,0,0,0,0,0,0,0,100,0,0,0,0,0,0,0,0,0,0,0,0,0,0,0,0,0,0,0,0,0,0,0,0,0,0,0,0,0,0,0,0,0,0,0,0,0,0,0,0,0,0,0,0,0,0,0,0,0,0,0,0,0,0,0,0,0,0,0,0,0
0,0,0,0,0,0,0,0,0,0,0,0,0,0,100,0,0,0,0,0,0,0,0,0,0,0,0,0,0,0,0,0,0,0,0,0,0,0,0,0,0,0,0,0,0,0,0,0,0,0,0,0,0,0,0,0,0,0,0,0,0,0,0,0,0,0,0,0,0,0,0,0,0,0,0,0
0,0,0,0,0,0,0,0,0,0,0,0,0,0,100,0,0,0,0,0,0,0,0,0,0,0,0,0,0,0,0,0,0,0,0,0,0,0,0,0,0,0,0,0,0,0,0,0,0,0,0,0,0,0,0,0,0,0,0,0,0,0,0,0,0,0,0,0,0,0,0,0,0,0,0,0
0,0,0,0,0,0,0,0,0,0,0,0,0,0,100,0,0,0,0,0,0,0,0,0,0,0,0,0,0,0,0,0,0,0,0,0,0,0,0,0,0,0,0,0,0,0,0,0,0,0,0,0,0,0,0,0,0,0,0,0,0,0,0,0,0,0,0,0,0,0,0,0,0,0,0,0
0,0,0,0,0,0,0,0,0,0,0,0,0,0,100,0,0,0,0,0,0,0,0,0,0,0,0,0,0,0,0,0,0,0,0,0,0,0,0,0,0,0,0,0,0,0,0,0,0,0,0,0,0,0,0,0,0,0,0,0,0,0,0,0,0,0,0,0,0,0,0,0,0,0,0,0
0,0,0,0,0,0,0,0,0,0,0,0,0,0,100,0,0,0,0,0,0,0,0,0,0,0,0,0,0,0,0,0,0,0,0,0,0,0,0,0,0,0,0,0,0,0,0,0,0,0,0,0,0,0,0,0,0,0,0,0,0,0,0,0,0,0,0,0,0,0,0,0,0,0,0,0
0,0,0,0,0,0,0,0,0,0,0,0,0,0,100,0,0,0,0,0,0,0,0,0,0,0,0,0,0,0,0,0,0,0,0,0,0,0,0,0,0,0,0,0,0,0,0,0,0,0,0,0,0,0,0,0,0,0,0,0,0,0,0,0,0,0,0,0,0,0,0,0,0,0,0,0
0,0,0,0,0,0,0,0,0,0,0,0,0,0,100,0,0,0,0,0,0,0,0,0,0,0,0,0,0,0,0,0,0,0,0,0,0,0,0,0,0,0,0,0,0,0,0,0,0,0,0,0,0,0,0,0,0,0,0,0,0,0,0,0,0,0,0,0,0,0,0,0,0,0,0,0
0,0,0,0,0,0,0,0,0,0,0,0,0,0,100,0,0,0,0,0,0,0,0,0,0,0,0,0,0,0,0,0,0,0,0,0,0,0,0,0,0,0,0,0,0,0,0,0,0,0,0,0,0,0,0,0,0,0,0,0,0,0,0,0,0,0,0,0,0,0,0,0,0,0,0,0
0,0,0,0,0,0,0,0,0,0,0,0,0,0,100,0,0,0,0,0,0,0,0,0,0,0,0,0,0,0,0,0,0,0,0,0,0,0,0,0,0,0,0,0,0,0,0,0,0,0,0,0,0,0,0,0,0,0,0,0,0,0,0,0,0,0,0,0,0,0,0,0,0,0,0,0
0,0,0,0,0,0,0,0,0,0,0,0,0,0,100,0,0,0,0,0,0,0,0,0,0,0,0,0,0,0,0,0,0,0,0,0,0,0,0,0,0,0,0,0,0,0,0,0,0,0,0,0,0,0,0,0,0,0,0,0,0,0,0,0,0,0,0,0,0,0,0,0,0,0,0,0
0,0,0,0,0,0,0,0,0,0,0,0,0,0,100,0,0,0,0,0,0,0,0,0,0,0,0,0,0,0,0,0,0,0,0,0,0,0,0,0,0,0,0,0,0,0,0,0,0,0,0,0,0,0,0,0,0,0,0,0,0,0,0,0,0,0,0,0,0,0,0,0,0,0,0,0
0,0,0,0,0,0,0,0,0,0,0,0,0,0,100,0,0,0,0,0,0,0,0,0,0,0,0,0,0,0,0,0,0,0,0,0,0,0,0,0,0,0,0,0,0,0,0,0,0,0,0,0,0,0,0,0,0,0,0,0,0,0,0,0,0,0,0,0,0,0,0,0,0,0,0,0
0,0,0,0,0,0,0,0,0,0,0,0,0,0,100,0,0,0,0,0,0,0,0,0,0,0,0,0,0,0,0,0,0,0,0,0,0,0,0,0,0,0,0,0,0,0,0,0,0,0,0,0,0,0,0,0,0,0,0,0,0,0,0,0,0,0,0,0,0,0,0,0,0,0,0,0
0,0,0,0,0,0,0,0,0,0,0,0,0,0,100,0,0,0,0,0,0,0,0,0,0,0,0,0,0,0,0,0,0,0,0,0,0,0,0,0,0,0,0,0,0,0,0,0,0,0,0,0,0,0,0,0,0,0,0,0,0,0,0,0,0,0,0,0,0,0,0,0,0,0,0,0
0,0,0,0,0,0,0,0,0,0,0,0,0,0,100,0,0,0,0,0,0,0,0,0,0,0,0,0,0,0,0,0,0,0,0,0,0,0,0,0,0,0,0,0,0,0,0,0,0,0,0,0,0,0,0,0,0,0,0,0,0,0,0,0,0,0,0,0,0,0,0,0,0,0,0,0
0,0,0,0,0,0,0,0,0,0,0,0,0,0,100,0,0,0,0,0,0,0,0,0,0,0,0,0,0,0,0,0,0,0,0,0,0,0,0,0,0,0,0,0,0,0,0,0,0,0,0,0,0,0,0,0,0,0,0,0,0,0,0,0,0,0,0,0,0,0,0,0,0,0,0,0
0,0,0,0,0,0,0,0,0,0,0,0,0,0,100,0,0,0,0,0,0,0,0,0,0,0,0,0,0,0,0,0,0,0,0,0,0,0,0,0,0,0,0,0,0,0,0,0,0,0,0,0,0,0,0,0,0,0,0,0,0,0,0,0,0,0,0,0,0,0,0,0,0,0,0,0
0,0,0,0,0,0,0,0,0,0,0,0,0,0,100,0,0,0,0,0,0,0,0,0,0,0,0,0,0,0,0,0,0,0,0,0,0,0,0,0,0,0,0,0,0,0,0,0,0,0,0,0,0,0,0,0,0,0,0,0,0,0,0,0,0,0,0,0,0,0,0,0,0,0,0,0
0,0,0,0,0,0,0,0,0,0,0,0,0,0,100,0,0,0,0,0,0,0,0,0,0,0,0,0,0,0,0,0,0,0,0,0,0,0,0,0,0,0,0,0,0,0,0,0,0,0,0,0,0,0,0,0,0,0,0,0,0,0,0,0,0,0,0,0,0,0,0,0,0,0,0,0
0,0,0,0,0,0,0,0,0,0,0,0,0,0,100,0,0,0,0,0,0,0,0,0,0,0,0,0,0,0,0,0,0,0,0,0,0,0,0,0,0,0,0,0,0,0,0,0,0,0,0,0,0,0,0,0,0,0,0,0,0,0,0,0,0,0,0,0,0,0,0,0,0,0,0,0
0,0,0,0,0,0,0,0,0,0,0,0,0,0,100,0,0,0,0,0,0,0,0,0,0,0,0,0,0,0,0,0,0,0,0,0,0,0,0,0,0,0,0,0,0,0,0,0,0,0,0,0,0,0,0,0,0,0,0,0,0,0,0,0,0,0,0,0,0,0,0,0,0,0,0,0
0,0,0,0,0,0,0,0,0,0,0,0,0,0,100,0,0,0,0,0,0,0,0,0,0,0,0,0,0,0,0,0,0,0,0,0,0,0,0,0,0,0,0,0,0,0,0,0,0,0,0,0,0,0,0,0,0,0,0,0,0,0,0,0,0,0,0,0,0,0,0,0,0,0,0,0
0,0,0,0,0,0,0,0,0,0,0,0,0,0,100,0,0,0,0,0,0,0,0,0,0,0,0,0,0,0,0,0,0,0,0,0,0,0,0,0,0,0,0,0,0,0,0,0,0,0,0,0,0,0,0,0,0,0,0,0,0,0,0,0,0,0,0,0,0,0,0,0,0,0,0,0
0,0,0,0,0,0,0,0,0,0,0,0,0,0,100,0,0,0,0,0,0,0,0,0,0,0,0,0,0,0,0,0,0,0,0,0,0,0,0,0,0,0,0,0,0,0,0,0,0,0,0,0,0,0,0,0,0,0,0,0,0,0,0,0,0,0,0,0,0,0,0,0,0,0,0,0
0,0,0,0,0,0,0,0,0,0,0,0,0,0,100,0,0,0,0,0,0,0,0,0,0,0,0,0,0,0,0,0,0,0,0,0,0,0,0,0,0,0,0,0,0,0,0,0,0,0,0,0,0,0,0,0,0,0,0,0,0,0,0,0,0,0,0,0,0,0,0,0,0,0,0,0
0,0,0,0,0,0,0,0,0,0,0,0,0,0,100,0,0,0,0,0,0,0,0,0,0,0,0,0,0,0,0,0,0,0,0,0,0,0,0,0,0,0,0,0,0,0,0,0,0,0,0,0,0,0,0,0,0,0,0,0,0,0,0,0,0,0,0,0,0,0,0,0,0,0,0,0
0,0,0,0,0,0,0,0,0,0,0,0,0,0,100,0,0,0,0,0,0,0,0,0,0,0,0,0,0,0,0,0,0,0,0,0,0,0,0,0,0,0,0,0,0,0,0,0,0,0,0,0,0,0,0,0,0,0,0,0,0,0,0,0,0,0,0,0,0,0,0,0,0,0,0,0
0,0,0,0,0,0,0,0,0,0,0,0,0,0,100,0,0,0,0,0,0,0,0,0,0,0,0,0,0,0,0,0,0,0,0,0,0,0,0,0,0,0,0,0,0,0,0,0,0,0,0,0,0,0,0,0,0,0,0,0,0,0,0,0,0,0,0,0,0,0,0,0,0,0,0,0
0,0,0,0,0,0,0,0,0,0,0,0,0,0,100,0,0,0,0,0,0,0,0,0,0,0,0,0,0,0,0,0,0,0,0,0,0,0,0,0,0,0,0,0,0,0,0,0,0,0,0,0,0,0,0,0,0,0,0,0,0,0,0,0,0,0,0,0,0,0,0,0,0,0,0,0
0,0,0,0,0,0,0,0,0,0,0,0,0,0,100,0,0,0,0,0,0,0,0,0,0,0,0,0,0,0,0,0,0,0,0,0,0,0,0,0,0,0,0,0,0,0,0,0,0,0,0,0,0,0,0,0,0,0,0,0,0,0,0,0,0,0,0,0,0,0,0,0,0,0,0,0
0,0,0,0,0,0,0,0,0,0,0,0,0,0,100,0,0,0,0,0,0,0,0,0,0,0,0,0,0,0,0,0,0,0,0,0,0,0,0,0,0,0,0,0,0,0,0,0,0,0,0,0,0,0,0,0,0,0,0,0,0,0,0,0,0,0,0,0,0,0,0,0,0,0,0,0
